Date,Active energy burned(kcal),Activity,Distance(km),Duration(s),Elevation: Maximum(m),Elevation: Minimum(m),Heart rate zone: A Easy (<115bpm)(%),Heart rate zone: B Fat Burn (115-135bpm)(%),Heart rate zone: C Moderate Training (135-155bpm)(%),Heart rate zone: D Hard Training (155-175bpm)(%),Heart rate zone: E Extreme Training (>175bpm)(%),Heart rate: Average(count/min),Heart rate: Maximum(count/min),METs Average(kcal/hrÂ·kg),Swimming stroke count(count),Weather: Humidity(%),Weather: Temperature(degC)
2022-12-07 14:11:52 - 2022-12-07 14:25:17,73.415,Swimming,0.275,804.562,,,0.000,1.000,0.000,0.000,0.000,131.791,131.791,6.067,143.000,45.000,9.370
2022-12-07 14:29:50 - 2022-12-07 14:41:50,75.535,Swimming,0.300,708.881,,,0.000,0.000,1.000,0.000,0.000,145.925,145.925,6.830,165.000,45.000,9.560
2022-12-07 14:48:25 - 2022-12-07 14:51:52,28.963,Swimming,0.100,206.196,,,0.000,0.098,0.634,0.268,0.000,149.585,161.000,8.722,60.000,45.000,9.440
2022-12-08 14:03:50 - 2022-12-08 14:16:40,85.336,Swimming,0.300,770.024,,,0.000,1.000,0.000,0.000,0.000,128.870,128.870,7.009,164.000,53.000,10.590
2022-12-08 14:24:55 - 2022-12-08 14:36:42,85.829,Swimming,0.300,707.014,,,0.000,0.000,1.000,0.000,0.000,136.653,136.653,7.550,168.000,,
2022-12-08 14:43:47 - 2022-12-08 14:47:48,26.650,Swimming,0.100,241.846,,,0.049,0.268,0.683,0.000,0.000,136.537,148.000,7.111,55.000,54.000,10.810
2022-12-09 14:18:03 - 2022-12-09 14:29:58,82.522,Swimming,0.300,714.929,,,0.000,1.000,0.000,0.000,0.000,132.380,132.380,7.236,163.000,55.000,10.620
2022-12-09 14:37:47 - 2022-12-09 14:49:50,83.411,Swimming,0.300,722.865,,,0.000,0.000,1.000,0.000,0.000,138.653,138.653,7.288,170.000,55.000,10.540
2022-12-09 14:57:21 - 2022-12-09 15:05:23,54.647,Swimming,0.200,482.279,,,0.000,0.000,1.000,0.000,0.000,140.843,140.843,7.185,114.000,55.000,10.420
2022-12-11 20:16:41 - 2022-12-11 20:28:43,81.283,Swimming,0.300,721.853,,,0.000,1.000,0.000,0.000,0.000,123.091,123.091,7.110,157.000,65.000,2.770
2022-12-11 20:32:54 - 2022-12-11 20:45:36,83.713,Swimming,0.300,762.223,,,0.000,1.000,0.000,0.000,0.000,132.434,132.434,7.010,166.000,66.000,2.620
2022-12-11 20:50:17 - 2022-12-11 20:57:45,52.710,Swimming,0.200,447.717,,,0.000,1.000,0.000,0.000,0.000,133.590,133.590,7.379,104.000,67.000,2.470
2022-12-12 13:53:01 - 2022-12-12 14:04:41,80.161,Swimming,0.300,697.049,,,0.000,1.000,0.000,0.000,0.000,132.260,132.260,7.287,162.000,38.000,6.660
2022-12-12 14:09:34 - 2022-12-12 14:20:57,76.725,Swimming,0.300,683.421,,,0.000,0.000,1.000,0.000,0.000,139.923,139.923,7.129,157.000,38.000,6.630
2022-12-12 14:26:52 - 2022-12-12 14:38:00,81.566,Swimming,0.300,668.750,,,0.000,0.000,1.000,0.000,0.000,144.576,144.576,7.594,164.000,37.000,6.770
2022-12-14 14:03:31 - 2022-12-14 14:14:34,70.460,Swimming,0.300,662.604,,,0.000,1.000,0.000,0.000,0.000,130.507,130.507,6.781,136.960,32.000,0.980
2022-12-14 14:23:33 - 2022-12-14 14:34:05,68.698,Swimming,0.300,632.001,,,0.000,0.000,1.000,0.000,0.000,141.869,141.869,6.904,135.000,32.000,1.140
2022-12-14 14:38:28 - 2022-12-14 14:48:48,66.084,Swimming,0.300,619.783,,,0.000,0.000,1.000,0.000,0.000,144.250,144.250,6.802,134.000,32.000,1.170
2022-12-15 20:31:23 - 2022-12-15 20:35:28,12.233,Swimming,0.050,245.589,,,0.396,0.604,0.000,0.000,0.000,117.542,132.000,3.994,20.000,,
2022-12-15 20:36:04 - 2022-12-15 20:46:20,66.156,Swimming,0.300,615.206,,,0.000,0.000,1.000,0.000,0.000,135.928,135.928,6.873,132.000,69.000,-1.590
2022-12-15 20:50:06 - 2022-12-15 21:01:11,70.335,Swimming,0.300,665.262,,,0.000,0.000,1.000,0.000,0.000,135.684,135.684,6.753,138.000,69.000,-1.740
2022-12-15 21:04:52 - 2022-12-15 21:15:14,71.808,Swimming,0.300,621.497,,,0.000,0.000,1.000,0.000,0.000,141.242,141.242,7.295,149.000,,
2022-12-16 20:35:44 - 2022-12-16 20:46:21,65.047,Swimming,0.300,637.712,,,0.000,1.000,0.000,0.000,0.000,124.123,124.123,6.561,131.000,56.000,-1.490
2022-12-16 20:49:37 - 2022-12-16 21:00:05,65.644,Swimming,0.300,628.414,,,0.000,1.000,0.000,0.000,0.000,131.415,131.415,6.678,131.000,56.000,-1.580
2022-12-16 21:04:29 - 2022-12-16 21:14:28,64.808,Swimming,0.300,599.375,,,0.000,0.000,1.000,0.000,0.000,137.512,137.512,6.928,132.000,56.000,-1.680
2022-12-17 17:01:50 - 2022-12-17 17:12:17,67.703,Swimming,0.300,627.006,,,0.000,1.000,0.000,0.000,0.000,126.659,126.659,6.869,139.000,39.000,-5.250
2022-12-17 17:16:19 - 2022-12-17 17:26:29,64.975,Swimming,0.300,609.666,,,0.000,1.000,0.000,0.000,0.000,133.113,133.113,6.801,132.000,40.000,-5.990
2022-12-17 17:32:13 - 2022-12-17 17:42:50,66.569,Swimming,0.300,637.194,,,0.000,1.000,0.000,0.000,0.000,134.144,134.144,6.685,133.000,40.000,-6.090
2022-12-18 20:16:25 - 2022-12-18 20:26:52,68.206,Swimming,0.300,626.981,,,0.000,1.000,0.000,0.000,0.000,131.159,131.159,6.951,136.000,52.000,0.160
2022-12-18 20:31:33 - 2022-12-18 20:41:55,65.564,Swimming,0.300,621.826,,,0.000,0.000,1.000,0.000,0.000,142.863,142.863,6.737,132.000,52.000,0.310
2022-12-18 20:46:51 - 2022-12-18 20:56:42,63.157,Swimming,0.300,591.832,,,0.000,0.000,1.000,0.000,0.000,148.279,148.279,6.791,127.000,52.000,0.460
2022-12-19 20:40:03 - 2022-12-19 20:50:25,63.474,Swimming,0.300,621.780,,,0.000,1.000,0.000,0.000,0.000,133.851,133.851,6.602,124.000,62.000,2.460
2022-12-19 20:56:53 - 2022-12-19 21:07:08,63.511,Swimming,0.300,614.958,,,0.000,0.000,1.000,0.000,0.000,143.670,143.670,6.643,126.000,63.000,2.500
2022-12-19 21:12:25 - 2022-12-19 21:22:45,63.403,Swimming,0.300,619.863,,,0.000,0.000,1.000,0.000,0.000,145.773,145.773,6.598,127.000,64.000,2.780
2022-12-21 14:10:37 - 2022-12-21 14:20:50,64.048,Swimming,0.300,612.332,,,0.000,1.000,0.000,0.000,0.000,128.511,128.511,6.700,127.000,44.000,2.800
2022-12-21 14:24:49 - 2022-12-21 14:34:56,61.990,Swimming,0.300,607.159,,,0.000,0.000,1.000,0.000,0.000,138.599,138.599,6.571,125.000,44.000,2.740
2022-12-21 14:40:08 - 2022-12-21 14:49:57,61.881,Swimming,0.300,588.937,,,0.000,0.000,1.000,0.000,0.000,143.541,143.541,6.725,123.000,44.000,2.650
2022-12-22 14:58:42 - 2022-12-22 15:08:34,61.295,Swimming,0.300,591.545,,,0.000,1.000,0.000,0.000,0.000,124.382,124.382,6.669,123.000,52.000,-2.210
2022-12-22 15:12:50 - 2022-12-22 15:22:33,59.879,Swimming,0.300,582.788,,,0.000,0.000,1.000,0.000,0.000,139.676,139.676,6.594,122.000,52.000,-2.350
2022-12-22 15:26:50 - 2022-12-22 15:36:48,61.166,Swimming,0.300,597.509,,,0.000,0.000,1.000,0.000,0.000,141.121,141.121,6.644,122.000,52.000,-2.530
2022-12-25 14:52:05 - 2022-12-25 15:02:05,63.553,Swimming,0.300,599.599,,,0.000,1.000,0.000,0.000,0.000,125.309,125.309,6.774,127.000,52.000,3.850
2022-12-25 15:07:25 - 2022-12-25 15:17:16,59.021,Swimming,0.300,591.241,,,0.000,1.000,0.000,0.000,0.000,132.754,132.754,6.485,118.000,52.000,3.820
2022-12-25 15:23:52 - 2022-12-25 15:33:33,61.352,Swimming,0.300,580.961,,,0.000,1.000,0.000,0.000,0.000,134.339,134.339,6.768,123.000,50.000,3.690
2022-12-26 20:21:02 - 2022-12-26 20:30:44,59.968,Swimming,0.300,581.456,,,0.000,1.000,0.000,0.000,0.000,123.939,123.939,6.603,117.000,,
2022-12-26 20:35:18 - 2022-12-26 20:45:10,62.146,Swimming,0.300,592.440,,,0.000,1.000,0.000,0.000,0.000,129.743,129.743,6.720,123.000,60.000,0.380
2022-12-26 20:50:16 - 2022-12-26 20:59:59,64.358,Swimming,0.300,583.295,,,0.000,0.000,1.000,0.000,0.000,138.165,138.165,7.013,129.000,61.000,0.210
2023-01-19 10:08:04 - 2023-01-19 10:19:24,62.370,Swimming,0.300,680.320,,,0.000,1.000,0.000,0.000,0.000,131.773,131.773,5.932,114.000,58.000,3.400
2023-01-19 10:27:08 - 2023-01-19 10:38:39,62.251,Swimming,0.300,691.081,,,0.000,1.000,0.000,0.000,0.000,134.756,134.756,5.944,120.000,57.000,3.730
2023-01-21 15:44:01 - 2023-01-21 15:54:42,60.616,Swimming,0.300,640.274,,,0.000,1.000,0.000,0.000,0.000,133.420,133.420,6.184,116.000,62.000,4.980
2023-01-21 15:58:45 - 2023-01-21 16:09:43,64.554,Swimming,0.300,658.175,,,0.000,0.000,1.000,0.000,0.000,141.347,141.347,6.355,123.000,63.000,4.860
2023-01-23 15:42:59 - 2023-01-23 15:53:35,56.885,Swimming,0.300,636.780,,,0.000,1.000,0.000,0.000,0.000,123.505,123.505,5.902,109.900,62.000,-3.060
2023-01-23 15:57:41 - 2023-01-23 16:07:52,61.481,Swimming,0.300,611.314,,,0.000,0.000,1.000,0.000,0.000,141.479,141.479,6.527,123.000,62.000,-3.390
2023-01-25 20:02:12 - 2023-01-25 20:12:59,58.388,Swimming,0.300,647.033,,,0.000,0.000,1.000,0.000,0.000,136.976,136.976,5.948,115.000,,
2023-01-25 20:16:38 - 2023-01-25 20:28:12,63.407,Swimming,0.300,693.493,,,0.000,0.000,1.000,0.000,0.000,144.154,144.154,6.044,127.000,57.000,-1.680
2023-01-27 15:12:03 - 2023-01-27 15:19:01,18.342,Swimming,0.100,242.665,,,0.580,0.420,0.000,0.000,0.000,112.074,130.000,3.984,38.000,,
2023-01-27 16:02:20 - 2023-01-27 16:14:12,63.361,Swimming,0.300,666.763,,,0.000,1.000,0.000,0.000,0.000,132.555,132.555,5.966,125.000,43.000,-0.990
2023-01-29 13:47:12 - 2023-01-29 13:58:47,62.636,Swimming,0.300,670.398,,,0.000,1.000,0.000,0.000,0.000,131.564,131.564,5.924,122.000,,
2023-01-29 14:07:35 - 2023-01-29 14:18:02,65.608,Swimming,0.300,626.616,,,0.000,0.000,1.000,0.000,0.000,145.883,145.883,6.755,131.985,,
2023-01-30 14:33:28 - 2023-01-30 14:45:15,67.678,Swimming,0.300,707.617,,,0.000,1.000,0.000,0.000,0.000,132.425,132.425,6.269,130.000,61.000,6.770
2023-01-30 14:52:40 - 2023-01-30 15:03:29,66.167,Swimming,0.300,648.750,,,0.000,0.000,1.000,0.000,0.000,141.093,141.093,6.638,131.000,62.000,6.610
2023-02-01 15:33:37 - 2023-02-01 15:44:03,61.652,Swimming,0.300,625.765,,,0.000,0.000,1.000,0.000,0.000,135.578,135.578,6.409,121.000,,
2023-02-01 15:49:39 - 2023-02-01 16:00:03,65.554,Swimming,0.300,623.554,,,0.000,0.000,1.000,0.000,0.000,146.430,146.430,6.776,128.930,39.000,2.810
2023-02-01 16:05:42 - 2023-02-01 16:16:12,70.588,Swimming,0.300,629.949,,,0.000,0.000,1.000,0.000,0.000,145.525,145.525,7.096,136.000,39.000,2.590
2023-02-03 11:10:44 - 2023-02-03 11:20:49,60.042,Swimming,0.300,605.250,,,0.000,1.000,0.000,0.000,0.000,128.780,128.780,6.466,117.000,43.000,3.310
2023-02-03 11:25:57 - 2023-02-03 11:36:17,62.250,Swimming,0.300,620.241,,,0.000,0.000,1.000,0.000,0.000,137.414,137.414,6.503,121.000,42.000,3.520
2023-02-03 11:42:29 - 2023-02-03 11:53:10,64.386,Swimming,0.300,641.142,,,0.000,0.000,1.000,0.000,0.000,138.783,138.783,6.524,125.000,,
2023-02-06 15:14:45 - 2023-02-06 15:25:00,57.485,Swimming,0.300,614.924,,,0.000,1.000,0.000,0.000,0.000,125.310,125.310,6.171,113.000,74.000,7.890
2023-02-06 15:30:45 - 2023-02-06 15:41:06,61.269,Swimming,0.300,621.286,,,0.000,0.000,1.000,0.000,0.000,136.557,136.557,6.419,120.000,74.000,7.820
2023-02-06 15:47:30 - 2023-02-06 15:58:04,68.026,Swimming,0.300,634.397,,,0.000,0.000,1.000,0.000,0.000,140.869,140.869,6.871,134.000,74.000,7.720
2023-02-08 16:28:36 - 2023-02-08 16:38:45,61.106,Swimming,0.300,609.617,,,0.000,1.000,0.000,0.000,0.000,126.801,126.801,6.475,120.000,,
2023-02-08 16:45:38 - 2023-02-08 16:56:05,62.801,Swimming,0.300,627.810,,,0.000,0.000,1.000,0.000,0.000,137.561,137.561,6.485,124.000,54.000,4.960
2023-02-10 12:04:46 - 2023-02-10 12:14:59,61.401,Swimming,0.300,612.608,,,0.000,1.000,0.000,0.000,0.000,127.186,127.186,6.426,119.000,62.000,6.000
2023-02-10 12:20:03 - 2023-02-10 12:30:54,69.073,Swimming,0.300,651.092,,,0.000,0.000,1.000,0.000,0.000,136.586,136.586,6.729,132.000,62.000,6.250
2023-02-12 19:56:57 - 2023-02-12 20:04:49,43.857,Swimming,0.200,472.577,,,0.000,1.000,0.000,0.000,0.000,122.884,122.884,5.970,82.000,,
2023-02-12 20:08:05 - 2023-02-12 20:15:09,44.838,Swimming,0.200,424.012,,,0.000,1.000,0.000,0.000,0.000,130.462,130.462,6.691,85.953,87.000,3.970
2023-02-12 20:21:25 - 2023-02-12 20:32:19,66.938,Swimming,0.300,653.377,,,0.000,0.000,1.000,0.000,0.000,136.912,136.912,6.538,127.999,87.000,3.890
2023-02-15 06:34:51 - 2023-02-15 06:46:05,65.623,Swimming,0.300,673.852,,,0.000,1.000,0.000,0.000,0.000,122.877,122.877,6.238,123.000,,
2023-02-15 06:50:07 - 2023-02-15 07:00:53,65.550,Swimming,0.300,645.548,,,0.000,0.000,1.000,0.000,0.000,136.026,136.026,6.491,128.952,65.000,-3.180
2023-02-18 19:50:43 - 2023-02-18 20:01:29,61.634,Swimming,0.300,645.944,,,0.000,1.000,0.000,0.000,0.000,126.328,126.328,6.140,119.000,91.000,4.580
2023-02-18 20:06:14 - 2023-02-18 20:16:36,57.652,Swimming,0.300,621.361,,,0.000,1.000,0.000,0.000,0.000,133.501,133.501,6.017,110.000,91.000,4.550
2023-02-18 20:21:44 - 2023-02-18 20:32:05,60.091,Swimming,0.300,620.884,,,0.000,0.000,1.000,0.000,0.000,137.628,137.628,6.197,114.000,91.000,4.600
2023-02-19 15:00:07 - 2023-02-19 15:12:45,59.099,Swimming,0.300,671.013,,,0.000,1.000,0.000,0.000,0.000,124.887,124.887,5.365,110.000,32.000,7.960
2023-02-19 15:20:37 - 2023-02-19 15:33:31,70.865,Swimming,0.300,773.186,,,0.000,1.000,0.000,0.000,0.000,131.015,131.015,5.944,127.000,33.000,8.030
2023-02-20 15:31:12 - 2023-02-20 15:41:44,59.362,Swimming,0.300,632.146,,,0.000,1.000,0.000,0.000,0.000,119.129,119.129,6.060,113.000,,
2023-02-20 15:46:21 - 2023-02-20 15:57:08,64.115,Swimming,0.300,647.753,,,0.000,1.000,0.000,0.000,0.000,129.078,129.078,6.316,120.000,35.000,6.070
2023-02-22 14:23:09 - 2023-02-22 14:34:13,61.880,Swimming,0.300,663.710,,,0.000,1.000,0.000,0.000,0.000,128.585,128.585,6.022,117.000,59.000,4.180
2023-02-22 14:38:40 - 2023-02-22 14:49:29,61.822,Swimming,0.300,648.985,,,0.000,0.000,1.000,0.000,0.000,140.588,140.588,6.156,116.000,60.000,4.130
2023-02-24 14:17:30 - 2023-02-24 14:28:15,62.334,Swimming,0.300,644.487,,,0.000,1.000,0.000,0.000,0.000,130.195,130.195,6.235,116.000,,
2023-02-24 14:32:59 - 2023-02-24 14:43:42,62.556,Swimming,0.300,642.264,,,0.000,0.000,1.000,0.000,0.000,138.625,138.625,6.236,121.000,44.000,7.860
2023-02-26 20:38:47 - 2023-02-26 20:49:07,57.982,Swimming,0.300,619.832,,,0.000,1.000,0.000,0.000,0.000,119.736,119.736,6.059,109.000,63.000,3.190
2023-02-26 20:53:15 - 2023-02-26 21:03:44,60.930,Swimming,0.300,629.368,,,0.000,1.000,0.000,0.000,0.000,129.239,129.239,6.241,113.000,64.000,3.130
2023-02-28 06:29:55 - 2023-02-28 06:41:00,61.571,Swimming,0.300,664.730,,,0.000,1.000,0.000,0.000,0.000,117.823,117.823,5.990,115.000,90.000,3.830
2023-02-28 06:45:10 - 2023-02-28 06:56:03,62.010,Swimming,0.300,653.110,,,0.000,1.000,0.000,0.000,0.000,126.551,126.551,6.115,117.000,90.000,3.910
2023-03-01 19:50:31 - 2023-03-01 20:00:39,62.289,Swimming,0.300,608.578,,,0.000,1.000,0.000,0.000,0.000,128.156,128.156,6.473,116.000,,
2023-03-01 20:05:19 - 2023-03-01 20:15:49,62.129,Swimming,0.300,629.594,,,0.000,0.000,1.000,0.000,0.000,138.049,138.049,6.306,120.000,41.000,6.030
2023-03-01 20:18:11 - 2023-03-01 20:29:14,68.041,Swimming,0.300,663.247,,,0.000,0.000,1.000,0.000,0.000,141.876,141.876,6.565,128.000,,
2023-03-05 19:41:30 - 2023-03-05 19:52:28,61.771,Swimming,0.300,657.714,,,0.000,1.000,0.000,0.000,0.000,123.244,123.244,5.886,118.000,,
2023-03-05 19:56:59 - 2023-03-05 20:07:38,59.956,Swimming,0.300,639.070,,,0.000,1.000,0.000,0.000,0.000,133.313,133.313,6.051,113.893,,
2023-03-07 19:59:38 - 2023-03-07 20:10:03,58.761,Swimming,0.300,625.712,,,0.000,1.000,0.000,0.000,0.000,124.346,124.346,6.052,112.000,72.000,9.940
2023-03-07 20:15:11 - 2023-03-07 20:25:54,61.689,Swimming,0.300,643.081,,,0.000,1.000,0.000,0.000,0.000,131.160,131.160,6.227,117.000,,
2023-03-10 08:53:28 - 2023-03-10 09:04:08,60.796,Swimming,0.300,640.141,,,0.000,1.000,0.000,0.000,0.000,130.197,130.197,5.701,116.000,65.000,12.380
2023-03-10 09:08:19 - 2023-03-10 09:19:06,64.668,Swimming,0.300,647.362,,,0.000,0.000,1.000,0.000,0.000,135.096,135.096,6.378,126.000,64.000,12.750
2023-03-12 19:10:07 - 2023-03-12 19:22:48,65.201,Swimming,0.300,761.845,,,0.000,1.000,0.000,0.000,0.000,128.471,128.471,5.634,124.000,36.000,3.730
2023-03-12 19:29:21 - 2023-03-12 19:41:32,63.656,Swimming,0.300,730.451,,,0.000,0.000,1.000,0.000,0.000,136.519,136.519,5.736,115.000,,
2023-03-15 16:03:29 - 2023-03-15 16:16:07,68.629,Swimming,0.300,757.905,,,0.000,1.000,0.000,0.000,0.000,120.024,120.024,5.898,130.000,30.000,9.800
2023-03-15 16:23:49 - 2023-03-15 16:35:24,65.507,Swimming,0.300,694.521,,,0.000,1.000,0.000,0.000,0.000,127.629,127.629,6.122,121.000,31.000,9.350
2023-03-17 14:37:46 - 2023-03-17 14:49:06,64.651,Swimming,0.300,680.017,,,0.000,1.000,0.000,0.000,0.000,128.458,128.458,6.117,120.000,43.000,8.010
2023-03-17 14:56:19 - 2023-03-17 15:08:00,68.548,Swimming,0.300,700.399,,,0.000,0.000,1.000,0.000,0.000,141.650,141.650,6.256,129.000,43.000,8.050
2023-03-19 19:35:58 - 2023-03-19 19:48:30,67.663,Swimming,0.300,752.490,,,0.000,1.000,0.000,0.000,0.000,130.383,130.383,5.870,123.000,,
2023-03-19 19:52:33 - 2023-03-19 20:05:13,67.198,Swimming,0.300,759.913,,,0.000,1.000,0.000,0.000,0.000,132.558,132.558,5.780,123.000,70.000,7.720
2023-03-19 20:14:48 - 2023-03-19 20:16:33,10.161,Swimming,0.050,105.238,,,0.227,0.455,0.318,0.000,0.000,128.636,144.000,6.304,21.000,70.000,7.610
2023-03-19 20:17:24 - 2023-03-19 20:19:26,13.605,Swimming,0.050,122.262,,,0.000,0.480,0.520,0.000,0.000,133.440,145.000,7.114,23.000,70.000,7.590
2023-03-21 14:24:21 - 2023-03-21 14:35:38,63.062,Swimming,0.300,676.310,,,0.000,1.000,0.000,0.000,0.000,130.147,130.147,6.077,115.000,73.000,11.230
2023-03-21 14:39:11 - 2023-03-21 14:50:43,65.609,Swimming,0.300,691.333,,,0.000,0.000,1.000,0.000,0.000,136.093,136.093,6.114,121.000,73.000,11.140
2023-03-28 13:43:46 - 2023-03-28 13:54:41,61.020,Swimming,0.300,655.223,,,0.000,1.000,0.000,0.000,0.000,127.651,127.651,6.039,115.980,43.000,13.030
2023-03-28 13:59:13 - 2023-03-28 14:11:04,67.903,Swimming,0.300,711.411,,,0.000,0.000,1.000,0.000,0.000,137.215,137.215,6.152,124.980,43.000,12.850
2023-03-29 11:12:41 - 2023-03-29 11:16:31,20.601,Swimming,0.100,230.395,,,0.250,0.750,0.000,0.000,0.000,117.143,127.000,5.817,39.000,62.000,12.820
2023-03-29 11:23:00 - 2023-03-29 11:34:28,62.341,Swimming,0.300,687.632,,,0.000,1.000,0.000,0.000,0.000,124.054,124.054,5.926,117.000,62.000,12.900
2023-04-02 08:47:00 - 2023-04-02 08:55:04,41.996,Swimming,0.200,484.435,,,0.000,1.000,0.000,0.000,0.000,119.945,119.945,5.707,76.000,,
2023-04-02 08:58:15 - 2023-04-02 09:09:02,61.921,Swimming,0.300,647.528,,,0.000,1.000,0.000,0.000,0.000,133.015,133.015,6.166,118.000,45.000,13.500
2023-04-04 10:40:48 - 2023-04-04 10:52:14,60.932,Swimming,0.300,686.370,,,0.000,1.000,0.000,0.000,0.000,120.946,120.946,5.788,115.000,89.000,13.010
2023-04-04 10:57:31 - 2023-04-04 11:08:48,63.831,Swimming,0.300,677.224,,,0.000,1.000,0.000,0.000,0.000,130.459,130.459,6.089,118.000,89.000,13.040
2023-04-05 19:52:09 - 2023-04-05 20:03:22,61.611,Swimming,0.300,673.221,,,0.000,1.000,0.000,0.000,0.000,120.404,120.404,5.909,112.000,,
2023-04-05 20:07:17 - 2023-04-05 20:18:26,59.328,Swimming,0.300,665.537,,,0.000,1.000,0.000,0.000,0.000,130.565,130.565,5.811,111.915,,
2023-04-10 16:25:01 - 2023-04-10 16:35:52,62.039,Swimming,0.300,651.002,,,0.000,1.000,0.000,0.000,0.000,124.894,124.894,6.154,115.000,67.000,15.820
2023-04-10 16:40:56 - 2023-04-10 16:52:08,64.133,Swimming,0.300,672.606,,,0.000,1.000,0.000,0.000,0.000,130.721,130.721,6.164,120.890,68.000,15.660
2023-04-12 20:40:53 - 2023-04-12 20:51:49,61.320,Swimming,0.300,655.628,,,0.000,1.000,0.000,0.000,0.000,126.601,126.601,6.082,113.000,61.000,10.540
2023-04-12 20:55:57 - 2023-04-12 21:06:55,61.465,Swimming,0.300,658.057,,,0.000,1.000,0.000,0.000,0.000,133.718,133.718,6.078,114.000,61.000,10.530
2023-04-12 21:12:25 - 2023-04-12 21:23:12,60.505,Swimming,0.300,646.490,,,0.000,0.000,1.000,0.000,0.000,136.059,136.059,6.094,115.000,61.000,11.040
2023-04-14 15:05:15 - 2023-04-14 15:15:38,59.207,Swimming,0.300,622.082,,,0.000,1.000,0.000,0.000,0.000,126.655,126.655,6.167,116.000,,
2023-04-14 15:20:18 - 2023-04-14 15:30:53,59.316,Swimming,0.300,634.976,,,0.000,1.000,0.000,0.000,0.000,134.726,134.726,6.072,113.884,79.000,14.700
2023-04-16 20:24:30 - 2023-04-16 20:30:08,24.883,Swimming,0.150,338.864,,,0.000,1.000,0.000,0.000,0.000,120.400,120.400,5.048,47.000,67.000,11.780
2023-04-16 20:33:50 - 2023-04-16 20:45:37,63.356,Swimming,0.300,707.363,,,0.000,1.000,0.000,0.000,0.000,130.369,130.369,5.879,113.889,68.000,11.730
2023-04-16 20:49:29 - 2023-04-16 21:00:26,61.646,Swimming,0.300,657.324,,,0.000,0.000,1.000,0.000,0.000,136.023,136.023,6.053,117.893,68.000,11.700
2023-04-18 16:05:12 - 2023-04-18 16:16:45,65.791,Swimming,0.300,692.813,,,0.000,1.000,0.000,0.000,0.000,125.002,125.002,6.111,123.000,,
2023-04-18 16:21:27 - 2023-04-18 16:32:58,61.241,Swimming,0.300,690.920,,,0.000,1.000,0.000,0.000,0.000,130.190,130.190,5.825,115.896,65.000,17.660
2023-04-21 09:20:16 - 2023-04-21 09:31:56,65.242,Swimming,0.300,699.854,,,0.000,1.000,0.000,0.000,0.000,122.689,122.689,6.053,120.000,32.000,14.340
2023-04-21 09:37:26 - 2023-04-21 09:49:27,63.829,Swimming,0.300,691.532,,,0.000,1.000,0.000,0.000,0.000,131.323,131.323,5.863,118.910,32.000,14.590
2023-04-23 14:06:07 - 2023-04-23 14:17:15,57.012,Swimming,0.300,667.342,,,0.000,1.000,0.000,0.000,0.000,123.345,123.345,5.660,107.000,49.000,14.010
2023-04-23 14:20:54 - 2023-04-23 14:31:53,60.710,Swimming,0.300,659.393,,,0.000,1.000,0.000,0.000,0.000,133.475,133.475,5.999,112.000,49.000,14.170
2023-04-23 14:34:00 - 2023-04-23 14:44:59,66.118,Swimming,0.300,659.071,,,0.000,0.000,1.000,0.000,0.000,137.262,137.262,6.377,121.000,48.000,14.320
2023-04-25 14:55:57 - 2023-04-25 15:07:43,62.350,Swimming,0.300,706.247,,,0.000,1.000,0.000,0.000,0.000,125.838,125.838,5.774,111.907,,
2023-04-25 15:12:16 - 2023-04-25 15:23:59,60.235,Swimming,0.300,702.665,,,0.000,1.000,0.000,0.000,0.000,132.127,132.127,5.654,110.000,60.000,14.480
2023-04-25 15:30:27 - 2023-04-25 15:41:43,61.196,Swimming,0.300,675.778,,,0.000,0.000,1.000,0.000,0.000,138.931,138.931,5.893,110.000,61.000,14.400
2023-04-27 14:54:41 - 2023-04-27 15:06:30,61.860,Swimming,0.300,708.758,,,0.000,1.000,0.000,0.000,0.000,117.195,117.195,5.723,113.000,,
2023-04-27 15:10:03 - 2023-04-27 15:21:03,58.793,Swimming,0.300,659.464,,,0.000,1.000,0.000,0.000,0.000,129.284,129.284,5.831,110.000,72.000,15.680
2023-04-27 15:27:02 - 2023-04-27 15:37:55,61.096,Swimming,0.300,652.902,,,0.000,0.000,1.000,0.000,0.000,136.508,136.508,6.050,115.000,72.000,15.590
2023-04-29 16:58:47 - 2023-04-29 17:11:22,61.248,Swimming,0.300,755.308,,,0.000,1.000,0.000,0.000,0.000,126.633,126.633,5.424,110.000,29.000,18.550
2023-04-29 17:15:59 - 2023-04-29 17:28:51,60.649,Swimming,0.300,772.846,,,0.000,1.000,0.000,0.000,0.000,134.092,134.092,5.292,107.908,30.000,18.340
2023-04-29 17:43:43 - 2023-04-29 17:55:51,64.419,Swimming,0.300,727.430,,,0.000,0.000,1.000,0.000,0.000,136.469,136.469,5.806,118.000,33.000,17.750
2023-05-20 16:17:29 - 2023-05-20 16:29:47,61.380,Swimming,0.300,738.478,,,0.000,1.000,0.000,0.000,0.000,132.059,132.059,5.508,109.000,,
2023-05-20 16:34:15 - 2023-05-20 16:46:36,66.203,Swimming,0.300,741.554,,,0.000,0.000,1.000,0.000,0.000,142.520,142.520,5.823,120.000,76.000,19.980
2023-05-21 18:58:23 - 2023-05-21 19:10:58,64.168,Swimming,0.300,754.422,,,0.000,1.000,0.000,0.000,0.000,128.780,128.780,5.638,110.000,54.000,19.040
2023-05-21 19:12:35 - 2023-05-21 19:15:59,21.874,Swimming,0.100,204.029,,,0.103,0.359,0.538,0.000,0.000,133.974,144.000,6.768,40.000,55.000,18.870
2023-05-21 19:26:21 - 2023-05-21 19:27:54,9.459,Swimming,0.050,92.541,,,0.214,0.143,0.643,0.000,0.000,132.929,152.000,6.497,19.000,,
2023-05-21 19:32:53 - 2023-05-21 19:34:23,8.620,Swimming,0.050,89.642,,,0.334,0.222,0.333,0.111,0.000,132.000,161.000,6.303,18.892,55.000,18.710
2023-05-22 19:26:04 - 2023-05-22 19:37:33,64.450,Swimming,0.300,688.690,,,0.000,1.000,0.000,0.000,0.000,126.429,126.429,6.034,117.000,58.000,18.870
2023-05-22 19:41:56 - 2023-05-22 19:53:28,62.259,Swimming,0.300,692.500,,,0.000,0.000,1.000,0.000,0.000,139.489,139.489,5.889,116.000,59.000,18.730
2023-05-23 13:45:06 - 2023-05-23 13:56:52,61.767,Swimming,0.300,706.026,,,0.000,1.000,0.000,0.000,0.000,133.918,133.918,5.734,116.000,,
2023-05-23 14:01:20 - 2023-05-23 14:13:17,65.838,Swimming,0.300,716.663,,,0.000,0.000,1.000,0.000,0.000,142.798,142.798,5.958,119.000,,
2023-05-26 15:20:28 - 2023-05-26 15:32:03,61.134,Swimming,0.300,695.217,,,0.000,1.000,0.000,0.000,0.000,121.830,121.830,5.771,112.000,,
2023-05-26 15:35:51 - 2023-05-26 15:48:00,64.522,Swimming,0.300,729.722,,,0.000,1.000,0.000,0.000,0.000,129.310,129.310,5.853,116.000,82.000,20.090
2023-05-28 19:24:51 - 2023-05-28 19:36:45,59.773,Swimming,0.300,714.360,,,0.000,1.000,0.000,0.000,0.000,128.062,128.062,5.544,111.000,,
2023-05-28 19:44:07 - 2023-05-28 19:56:42,60.898,Swimming,0.300,755.390,,,0.000,0.000,1.000,0.000,0.000,135.242,135.242,5.427,116.000,89.000,19.370
2023-05-30 19:51:16 - 2023-05-30 20:02:40,58.678,Swimming,0.300,683.296,,,0.000,1.000,0.000,0.000,0.000,128.425,128.425,5.669,110.000,65.000,20.590
2023-05-30 20:07:28 - 2023-05-30 20:19:10,62.769,Swimming,0.300,701.820,,,0.000,0.000,1.000,0.000,0.000,136.004,136.004,5.837,116.941,66.000,20.280
2023-05-30 20:21:13 - 2023-05-30 20:32:50,63.010,Swimming,0.300,697.214,,,0.000,0.000,1.000,0.000,0.000,140.481,140.481,5.876,120.000,67.000,20.060
2023-06-02 16:45:57 - 2023-06-02 16:57:29,63.396,Swimming,0.300,691.852,,,0.000,1.000,0.000,0.000,0.000,127.426,127.426,5.983,119.000,63.000,23.450
2023-06-04 20:43:10 - 2023-06-04 20:55:18,62.263,Swimming,0.300,727.617,,,0.000,1.000,0.000,0.000,0.000,126.718,126.718,5.642,116.889,69.000,20.090
2023-06-04 20:59:22 - 2023-06-04 21:11:13,61.892,Swimming,0.300,710.616,,,0.000,0.000,1.000,0.000,0.000,138.148,138.148,5.710,119.000,68.000,19.860
2023-06-07 15:37:24 - 2023-06-07 15:49:01,62.610,Swimming,0.300,697.439,,,0.000,1.000,0.000,0.000,0.000,128.748,128.748,5.881,118.000,72.000,24.790
2023-06-07 15:54:40 - 2023-06-07 16:06:00,62.514,Swimming,0.300,679.329,,,0.000,0.000,1.000,0.000,0.000,138.838,138.838,5.974,121.000,71.000,24.840
2023-06-09 20:42:54 - 2023-06-09 20:54:31,61.083,Swimming,0.300,696.229,,,0.000,1.000,0.000,0.000,0.000,127.333,127.333,5.748,113.000,74.000,22.210
2023-06-09 20:59:32 - 2023-06-09 21:11:27,66.375,Swimming,0.325,712.045,,,0.000,1.000,0.000,0.000,0.000,134.835,134.835,6.048,115.000,74.000,22.470
2023-06-11 19:07:25 - 2023-06-11 19:20:23,58.712,Swimming,0.300,712.801,,,0.000,1.000,0.000,0.000,0.000,122.201,122.201,5.207,112.000,,
2023-06-11 19:29:57 - 2023-06-11 19:33:32,20.428,Swimming,0.100,214.624,,,0.111,0.472,0.417,0.000,0.000,129.778,146.000,6.205,40.000,,
2023-06-14 19:23:07 - 2023-06-14 19:33:16,52.039,Swimming,0.250,608.608,,,0.000,1.000,0.000,0.000,0.000,126.829,126.829,5.633,93.000,,
2023-06-14 19:37:40 - 2023-06-14 19:49:42,56.295,Swimming,0.275,635.649,,,0.000,1.000,0.000,0.000,0.000,130.447,130.447,5.351,104.000,78.000,21.290
2023-06-14 19:56:26 - 2023-06-14 19:59:54,19.434,Swimming,0.100,208.508,,,0.073,0.195,0.732,0.000,0.000,138.000,152.000,6.093,39.000,79.000,20.880
2023-06-18 16:10:34 - 2023-06-18 16:23:11,59.143,Swimming,0.300,756.574,,,0.000,1.000,0.000,0.000,0.000,127.803,127.803,5.255,109.000,,
2023-06-18 16:28:03 - 2023-06-18 16:38:25,51.253,Swimming,0.250,622.051,,,0.000,0.000,1.000,0.000,0.000,141.532,141.532,5.478,95.000,,
2023-06-22 18:58:26 - 2023-06-22 19:10:37,58.512,Swimming,0.300,731.388,,,0.000,1.000,0.000,0.000,0.000,128.176,128.176,5.308,107.000,65.000,24.900
2023-06-22 19:16:59 - 2023-06-22 19:28:57,60.122,Swimming,0.300,717.841,,,0.000,0.000,1.000,0.000,0.000,142.073,142.073,5.536,112.000,65.000,24.670
2023-07-05 20:40:43 - 2023-07-05 20:53:18,57.989,Swimming,0.300,755.073,,,0.000,1.000,0.000,0.000,0.000,134.366,134.366,5.193,107.000,67.000,27.640
2023-07-06 10:11:54 - 2023-07-06 10:24:09,61.110,Swimming,0.300,734.800,,,0.000,1.000,0.000,0.000,0.000,132.025,132.025,5.516,113.892,70.000,27.930
2023-07-07 06:17:39 - 2023-07-07 06:30:33,60.932,Swimming,0.300,773.952,,,0.000,1.000,0.000,0.000,0.000,126.322,126.322,5.282,113.000,94.000,23.870
2023-07-07 06:35:26 - 2023-07-07 06:47:16,65.577,Swimming,0.300,710.395,,,0.000,0.000,1.000,0.000,0.000,140.632,140.632,6.002,119.000,93.000,24.000
2023-07-08 06:46:45 - 2023-07-08 06:58:53,63.221,Swimming,0.300,728.112,,,0.000,1.000,0.000,0.000,0.000,126.635,126.635,5.730,115.000,,
2023-07-08 07:04:15 - 2023-07-08 07:16:43,62.297,Swimming,0.300,748.751,,,0.000,0.000,1.000,0.000,0.000,138.160,138.160,5.522,120.000,88.000,26.280
2023-07-09 21:12:45 - 2023-07-09 21:25:16,62.088,Swimming,0.300,751.409,,,0.000,1.000,0.000,0.000,0.000,133.490,133.490,5.481,116.000,88.000,25.410
2023-07-10 17:28:53 - 2023-07-10 17:41:07,69.587,Swimming,0.300,733.548,,,0.000,1.000,0.000,0.000,0.000,134.469,134.469,5.765,121.000,,
2023-07-10 17:45:57 - 2023-07-10 17:58:15,61.642,Swimming,0.300,738.469,,,0.000,0.000,1.000,0.000,0.000,141.244,141.244,5.539,118.000,79.000,28.330
2023-07-16 18:25:12 - 2023-07-16 18:35:08,33.856,Swimming,0.150,419.287,,,1.000,0.000,0.000,0.000,0.000,107.781,107.781,4.175,57.000,73.000,26.040
2023-07-19 20:26:22 - 2023-07-19 20:40:19,62.459,Swimming,0.300,836.751,,,0.000,1.000,0.000,0.000,0.000,122.704,122.704,5.080,119.000,80.000,25.470
2023-07-19 20:44:34 - 2023-07-19 20:57:54,61.100,Swimming,0.300,800.050,,,0.000,0.500,0.500,0.000,0.000,133.283,136.360,5.167,117.000,80.000,25.370
2023-07-21 06:16:04 - 2023-07-21 06:27:25,61.928,Swimming,0.300,680.437,,,0.000,1.000,0.000,0.000,0.000,119.164,119.164,5.915,115.000,85.000,25.000
2023-07-21 06:31:23 - 2023-07-21 06:42:30,56.695,Swimming,0.300,666.397,,,0.000,1.000,0.000,0.000,0.000,130.817,130.817,5.615,106.000,84.000,25.250
2023-07-23 19:55:20 - 2023-07-23 19:57:47,12.763,Swimming,0.050,147.050,,,0.440,0.560,0.000,0.000,0.000,117.360,130.000,,17.000,89.000,26.160
2023-07-30 20:24:18 - 2023-07-30 20:34:49,45.771,Swimming,0.250,631.771,,,0.000,0.000,1.000,0.000,0.000,135.027,135.027,5.231,83.000,,
2023-07-30 20:38:18 - 2023-07-30 20:49:40,51.180,Swimming,0.300,682.140,,,0.000,0.000,1.000,0.000,0.000,140.937,140.937,5.271,107.999,,
2023-08-03 21:18:27 - 2023-08-03 21:29:25,51.692,Swimming,0.300,657.841,,,0.000,1.000,0.000,0.000,0.000,134.864,134.864,5.490,105.000,,
2023-08-06 18:59:23 - 2023-08-06 19:01:35,8.230,Swimming,0.050,85.024,,,0.462,0.538,0.000,0.000,0.000,113.923,124.000,4.920,18.000,,
2023-08-06 19:03:42 - 2023-08-06 19:05:06,8.775,Swimming,0.050,84.224,,,0.500,0.500,0.000,0.000,0.000,111.000,116.000,7.081,19.000,,
2023-08-06 19:06:42 - 2023-08-06 19:08:14,8.438,Swimming,0.050,91.956,,,0.000,1.000,0.000,0.000,0.000,126.000,135.000,6.269,16.000,,
2023-08-10 21:17:02 - 2023-08-10 21:28:28,52.456,Swimming,0.275,685.525,,,0.000,1.000,0.000,0.000,0.000,124.544,124.544,5.312,104.000,,
2023-08-10 21:33:44 - 2023-08-10 21:44:44,58.819,Swimming,0.300,660.405,,,0.000,0.000,1.000,0.000,0.000,138.937,138.937,6.042,112.000,,
2023-09-05 19:24:52 - 2023-09-05 19:35:43,45.252,Swimming,0.250,651.499,,,0.000,0.000,1.000,0.000,0.000,145.506,145.506,5.096,80.000,,
2023-09-07 19:30:56 - 2023-09-07 19:41:14,44.178,Swimming,0.300,618.124,,,0.000,1.000,0.000,0.000,0.000,133.589,133.589,5.130,96.000,80.000,24.930
2023-09-07 19:45:30 - 2023-09-07 19:55:56,50.327,Swimming,0.300,625.442,,,0.000,0.000,1.000,0.000,0.000,145.942,145.942,5.580,101.000,81.000,24.810
2023-09-10 19:09:21 - 2023-09-10 19:19:31,44.302,Swimming,0.300,609.476,,,0.000,1.000,0.000,0.000,0.000,127.257,127.257,5.166,89.000,76.000,25.170
2023-09-10 19:23:31 - 2023-09-10 19:33:52,49.705,Swimming,0.300,621.329,,,0.000,0.000,1.000,0.000,0.000,142.029,142.029,5.558,99.000,76.000,25.080
2023-09-12 20:06:49 - 2023-09-12 20:16:34,46.908,Swimming,0.300,584.669,,,0.000,1.000,0.000,0.000,0.000,126.929,126.929,5.587,92.925,,
2023-09-12 20:20:08 - 2023-09-12 20:30:23,52.521,Swimming,0.300,614.994,,,0.000,0.000,1.000,0.000,0.000,139.262,139.262,5.842,104.000,86.000,23.430
2023-09-14 19:32:21 - 2023-09-14 19:42:18,43.414,Swimming,0.275,596.611,,,0.000,1.000,0.000,0.000,0.000,130.316,130.316,5.180,91.000,70.000,24.170
2023-09-14 19:47:30 - 2023-09-14 19:57:03,52.575,Swimming,0.300,573.100,,,0.000,0.000,1.000,0.000,0.000,136.119,136.119,6.173,106.000,71.000,24.070
2023-09-17 19:27:58 - 2023-09-17 19:37:22,50.831,Swimming,0.300,564.565,,,0.000,0.000,1.000,0.000,0.000,138.629,138.629,6.094,103.000,78.000,24.840
2023-09-17 19:57:13 - 2023-09-17 19:58:35,9.305,Swimming,0.050,81.180,,,1.000,0.000,0.000,0.000,0.000,108.000,113.000,7.692,19.000,79.000,24.700
2023-09-20 20:34:18 - 2023-09-20 20:43:29,50.991,Swimming,0.300,550.984,,,0.000,0.000,1.000,0.000,0.000,143.607,143.607,6.218,104.000,68.000,19.960
2023-09-20 20:47:41 - 2023-09-20 20:57:06,47.753,Swimming,0.300,564.782,,,0.000,0.000,1.000,0.000,0.000,145.001,145.001,5.860,98.000,69.000,19.780
2023-09-24 19:09:56 - 2023-09-24 19:19:40,53.274,Swimming,0.300,583.710,,,0.000,1.000,0.000,0.000,0.000,131.816,131.816,6.193,105.000,85.000,20.650
2023-09-24 19:29:12 - 2023-09-24 19:38:39,45.590,Swimming,0.300,566.625,,,0.000,0.000,1.000,0.000,0.000,142.444,142.444,5.616,91.917,86.000,20.640
2023-09-28 20:27:58 - 2023-09-28 20:37:40,39.765,Swimming,0.250,582.071,,,0.000,0.000,1.000,0.000,0.000,141.324,141.324,4.965,87.000,60.000,22.790
2023-09-28 20:41:57 - 2023-09-28 20:51:29,49.947,Swimming,0.300,572.860,,,0.000,0.000,1.000,0.000,0.000,143.930,143.930,6.008,102.000,60.000,22.630
2023-10-03 15:10:30 - 2023-10-03 15:20:02,54.555,Swimming,0.300,572.115,,,0.000,0.000,1.000,0.000,0.000,137.886,137.886,6.395,108.000,60.000,23.230
2023-10-06 15:01:16 - 2023-10-06 15:11:37,45.940,Swimming,0.300,607.076,,,0.000,1.000,0.000,0.000,0.000,132.083,132.083,5.264,94.000,46.000,20.900
2023-10-06 16:02:17 - 2023-10-06 16:11:48,53.353,Swimming,0.300,571.601,,,0.000,0.000,1.000,0.000,0.000,148.032,148.032,6.267,108.000,48.000,20.310
2023-10-15 16:12:30 - 2023-10-15 16:22:24,46.926,Swimming,0.300,593.751,,,0.000,1.000,0.000,0.000,0.000,133.274,133.274,5.516,96.906,42.000,22.750
2023-10-20 10:34:41 - 2023-10-20 10:44:53,50.706,Swimming,0.299,611.975,,,0.000,1.000,0.000,0.000,0.000,131.899,131.899,5.718,101.829,,
2023-10-22 19:17:49 - 2023-10-22 19:28:05,51.833,Swimming,0.300,616.796,,,0.000,0.000,1.000,0.000,0.000,135.531,135.531,5.782,104.000,60.000,18.310
2023-10-22 19:31:59 - 2023-10-22 19:42:01,55.933,Swimming,0.300,601.306,,,0.000,0.000,1.000,0.000,0.000,143.641,143.641,6.254,110.000,60.000,18.250
2023-10-27 20:54:29 - 2023-10-27 21:04:26,50.652,Swimming,0.300,597.133,,,0.000,1.000,0.000,0.000,0.000,130.204,130.204,5.810,102.000,71.000,17.600
2023-10-27 21:06:55 - 2023-10-27 21:13:15,33.084,Swimming,0.200,379.664,,,0.000,0.000,1.000,0.000,0.000,137.340,137.340,5.956,70.000,71.000,17.560
2023-10-29 06:20:41 - 2023-10-29 06:32:20,55.697,Swimming,0.300,699.673,,,0.000,1.000,0.000,0.000,0.000,133.145,133.145,5.533,108.000,91.000,12.720
2023-10-29 06:38:19 - 2023-10-29 06:43:17,27.900,Swimming,0.150,297.426,,,0.000,0.150,0.850,0.000,0.000,140.017,148.000,6.310,56.000,91.000,12.960
2023-11-02 18:41:18 - 2023-11-02 18:51:44,48.445,Swimming,0.300,625.576,,,0.000,1.000,0.000,0.000,0.000,129.055,129.055,5.426,93.000,76.000,21.560
2023-11-02 18:55:53 - 2023-11-02 19:03:10,35.056,Swimming,0.200,436.782,,,0.000,0.000,1.000,0.000,0.000,141.748,141.748,5.584,67.000,78.000,21.300
2023-11-05 16:04:27 - 2023-11-05 16:15:28,48.808,Swimming,0.300,618.787,,,0.000,1.000,0.000,0.000,0.000,125.253,125.253,5.283,96.000,90.000,19.780
2023-11-09 15:08:25 - 2023-11-09 15:19:03,55.668,Swimming,0.300,637.845,,,0.000,1.000,0.000,0.000,0.000,129.838,129.838,5.953,110.000,64.000,13.430
2023-11-12 16:05:58 - 2023-11-12 16:16:56,53.631,Swimming,0.325,658.230,,,0.000,1.000,0.000,0.000,0.000,133.007,133.007,5.671,107.816,,
2023-11-15 13:40:25 - 2023-11-15 13:50:30,53.481,Swimming,0.300,605.815,,,0.000,1.000,0.000,0.000,0.000,134.999,134.999,6.031,108.000,47.000,11.840
2023-11-15 13:54:52 - 2023-11-15 14:05:04,53.697,Swimming,0.300,612.037,,,0.000,0.000,1.000,0.000,0.000,147.974,147.974,5.980,109.000,,
2023-11-17 08:28:13 - 2023-11-17 08:37:53,56.094,Swimming,0.300,579.602,,,0.000,1.000,0.000,0.000,0.000,133.669,133.669,6.491,111.905,66.000,5.240
2023-11-19 19:34:20 - 2023-11-19 19:53:21,51.152,Swimming,0.300,603.816,,,0.500,0.500,0.000,0.000,0.000,119.443,129.089,4.080,96.853,,
2023-11-22 13:25:21 - 2023-11-22 13:35:39,54.653,Swimming,0.300,617.574,,,0.000,1.000,0.000,0.000,0.000,133.388,133.388,6.001,109.000,74.000,15.690
2023-11-22 13:38:39 - 2023-11-22 13:49:12,55.703,Swimming,0.300,615.653,,,0.000,0.000,1.000,0.000,0.000,139.365,139.365,6.175,111.000,74.000,15.790
2023-11-26 16:08:24 - 2023-11-26 16:15:51,38.222,Swimming,0.200,400.031,,,0.000,1.000,0.000,0.000,0.000,116.069,116.069,5.982,77.000,,
2023-11-28 14:44:11 - 2023-11-28 14:54:21,54.930,Swimming,0.300,609.487,,,0.000,1.000,0.000,0.000,0.000,134.361,134.361,5.873,108.963,43.000,6.870
2023-12-01 16:40:59 - 2023-12-01 16:51:09,53.787,Swimming,0.300,610.561,,,0.000,1.000,0.000,0.000,0.000,128.146,128.146,6.029,108.000,37.000,4.620
2023-12-03 20:37:00 - 2023-12-03 20:47:23,55.824,Swimming,0.300,622.849,,,0.000,1.000,0.000,0.000,0.000,130.173,130.173,6.097,110.000,65.000,6.950
2023-12-03 20:51:10 - 2023-12-03 21:01:48,58.671,Swimming,0.300,637.247,,,0.000,0.000,1.000,0.000,0.000,141.638,141.638,6.203,114.000,65.000,6.930
2023-12-06 20:35:15 - 2023-12-06 20:45:31,53.976,Swimming,0.300,615.815,,,0.000,1.000,0.000,0.000,0.000,125.034,125.034,6.004,107.000,40.000,5.320
2023-12-06 20:52:01 - 2023-12-06 21:02:39,47.163,Swimming,0.300,637.935,,,0.000,0.000,1.000,0.000,0.000,138.163,138.163,5.276,94.000,40.000,5.220
2023-12-10 16:06:14 - 2023-12-10 16:09:20,17.466,Swimming,0.100,185.412,,,0.269,0.693,0.038,0.000,0.000,122.769,136.000,6.306,35.874,50.000,7.100
2023-12-13 20:54:41 - 2023-12-13 21:05:12,53.184,Swimming,0.300,630.607,,,0.000,1.000,0.000,0.000,0.000,129.830,129.830,5.823,105.000,88.000,7.340
2023-12-17 20:34:47 - 2023-12-17 20:45:24,52.018,Swimming,0.300,637.129,,,0.000,0.000,1.000,0.000,0.000,138.131,138.131,5.689,104.000,57.000,-5.350
2023-12-17 20:49:21 - 2023-12-17 21:00:28,55.089,Swimming,0.300,659.549,,,0.000,0.000,1.000,0.000,0.000,150.618,150.618,5.763,108.000,57.000,-5.420
2023-12-24 08:36:24 - 2023-12-24 08:47:16,54.309,Swimming,0.300,651.819,,,0.000,0.000,1.000,0.000,0.000,137.720,137.720,5.740,111.000,,
2023-12-29 08:30:39 - 2023-12-29 08:40:04,44.506,Swimming,0.250,565.098,,,0.000,1.000,0.000,0.000,0.000,133.696,133.696,5.537,87.000,81.000,1.570
2023-12-29 08:41:56 - 2023-12-29 08:47:22,29.284,Swimming,0.150,325.702,,,0.000,0.000,1.000,0.000,0.000,145.205,145.205,6.101,58.000,80.000,1.710
2024-01-01 19:40:37 - 2024-01-01 19:51:16,52.331,Swimming,0.300,638.505,,,0.000,0.000,1.000,0.000,0.000,139.618,139.618,5.676,103.000,73.000,1.090
2024-01-01 19:53:22 - 2024-01-01 20:01:00,36.014,Swimming,0.200,458.071,,,0.000,0.000,1.000,0.000,0.000,144.272,144.272,5.483,68.850,74.000,1.200
2024-01-07 19:57:09 - 2024-01-07 20:07:21,51.445,Swimming,0.300,611.532,,,0.000,1.000,0.000,0.000,0.000,130.834,130.834,5.799,100.000,58.000,-0.720
2024-01-07 20:09:59 - 2024-01-07 20:20:42,51.758,Swimming,0.300,643.224,,,0.000,0.000,1.000,0.000,0.000,141.945,141.945,5.584,101.000,,
2024-01-10 20:14:22 - 2024-01-10 20:24:35,50.845,Swimming,0.300,612.793,,,0.000,0.000,1.000,0.000,0.000,135.279,135.279,5.767,102.000,64.000,1.940
2024-01-10 20:27:17 - 2024-01-10 20:37:53,53.356,Swimming,0.300,636.120,,,0.000,0.000,1.000,0.000,0.000,143.746,143.746,5.759,105.000,65.000,1.930
2024-01-12 14:58:23 - 2024-01-12 15:05:08,33.707,Swimming,0.200,405.449,,,0.000,0.000,1.000,0.000,0.000,137.331,137.331,5.732,70.000,68.000,7.090
2024-01-14 19:54:54 - 2024-01-14 20:05:01,49.977,Swimming,0.300,606.644,,,0.000,1.000,0.000,0.000,0.000,134.347,134.347,5.730,101.888,61.000,-1.870
2024-01-14 20:07:29 - 2024-01-14 20:18:15,53.824,Swimming,0.300,645.470,,,0.000,0.000,1.000,0.000,0.000,142.607,142.607,5.746,104.000,61.000,-1.990
2024-01-17 10:49:47 - 2024-01-17 11:00:05,51.401,Swimming,0.300,617.941,,,0.000,1.000,0.000,0.000,0.000,122.706,122.706,5.741,104.000,91.000,6.570
2024-01-17 11:03:38 - 2024-01-17 11:13:52,51.493,Swimming,0.300,613.687,,,0.000,1.000,0.000,0.000,0.000,132.782,132.782,5.808,103.844,92.000,6.690
2024-01-19 11:33:28 - 2024-01-19 11:43:24,51.668,Swimming,0.300,596.173,,,0.000,1.000,0.000,0.000,0.000,126.755,126.755,5.918,103.845,73.000,2.330
2024-01-19 11:45:17 - 2024-01-19 11:52:50,38.837,Swimming,0.175,453.054,,,0.000,1.000,0.000,0.000,0.000,125.198,125.198,5.883,61.000,73.000,2.510
2024-01-21 20:12:27 - 2024-01-21 20:22:36,52.851,Swimming,0.300,609.235,,,0.000,0.000,1.000,0.000,0.000,135.031,135.031,5.955,106.847,66.000,-5.080
2024-01-21 20:24:13 - 2024-01-21 20:34:38,52.883,Swimming,0.300,625.182,,,0.000,0.000,1.000,0.000,0.000,141.760,141.760,5.833,107.825,66.000,-5.150
2024-01-24 10:40:15 - 2024-01-24 10:50:39,52.630,Swimming,0.300,624.300,,,0.000,1.000,0.000,0.000,0.000,125.793,125.793,5.832,104.000,58.000,-1.440
2024-02-01 09:05:46 - 2024-02-01 09:17:45,41.957,Swimming,0.175,719.381,,,1.000,0.000,0.000,0.000,0.000,108.831,108.831,4.411,73.000,,
2024-02-01 19:04:49 - 2024-02-01 19:07:01,10.323,Swimming,0.054,131.921,1.349,-1.456,0.375,0.625,0.000,0.000,0.000,117.125,129.000,5.730,18.000,,
2024-02-01 19:09:44 - 2024-02-01 19:16:45,36.957,Swimming,0.099,372.327,1.388,-1.604,0.000,1.000,0.000,0.000,0.000,119.973,119.973,6.162,69.821,,
2024-02-01 19:40:19 - 2024-02-01 20:01:58,45.978,Swimming,0.153,1298.177,13.628,7.953,1.000,0.000,0.000,0.000,0.000,108.175,108.486,3.194,75.985,73.000,29.290
2024-02-02 10:56:00 - 2024-02-02 11:18:21,64.237,Swimming,0.055,1341.482,13.715,9.029,1.000,0.000,0.000,0.000,0.000,106.659,110.646,3.859,97.984,,
2024-02-03 09:16:47 - 2024-02-03 09:27:57,55.524,Swimming,0.300,669.829,,,1.000,0.000,0.000,0.000,0.000,112.110,112.110,5.467,100.966,,
2024-02-06 07:01:00 - 2024-02-06 07:11:33,50.858,Swimming,0.300,633.490,,,0.000,1.000,0.000,0.000,0.000,124.570,124.570,5.588,101.000,80.000,-4.210
2024-02-11 19:59:37 - 2024-02-11 20:09:39,49.768,Swimming,0.300,601.223,,,0.000,1.000,0.000,0.000,0.000,128.148,128.148,5.749,98.000,79.000,4.040
2024-02-11 20:11:05 - 2024-02-11 20:22:19,67.845,Swimming,0.300,674.693,,,0.000,0.000,1.000,0.000,0.000,137.605,137.605,6.649,115.923,79.000,3.980
2024-02-19 14:21:10 - 2024-02-19 14:30:52,48.864,Swimming,0.300,582.369,,,0.000,0.000,1.000,0.000,0.000,142.042,142.042,5.798,100.000,49.000,4.340
2024-02-21 15:48:12 - 2024-02-21 15:58:00,51.776,Swimming,0.300,588.235,,,0.000,1.000,0.000,0.000,0.000,131.312,131.312,6.004,105.000,82.000,-1.700
2024-02-23 14:54:31 - 2024-02-23 15:04:29,52.294,Swimming,0.300,598.076,,,0.000,1.000,0.000,0.000,0.000,132.475,132.475,5.998,108.000,57.000,3.170
2024-02-23 15:06:48 - 2024-02-23 15:13:44,36.522,Swimming,0.200,415.830,,,0.000,0.000,1.000,0.000,0.000,140.690,140.690,6.040,73.866,57.000,3.110
2024-02-25 16:24:11 - 2024-02-25 16:26:57,9.054,Swimming,0.050,100.446,,,0.588,0.412,0.000,0.000,0.000,110.853,124.000,4.548,18.000,52.000,6.570
2024-02-25 16:29:22 - 2024-02-25 16:39:20,57.434,Swimming,0.300,597.959,,,0.000,1.000,0.000,0.000,0.000,132.000,132.000,6.410,114.000,52.000,6.520
2024-03-07 09:22:04 - 2024-03-07 09:31:38,52.494,Swimming,0.300,574.396,,,0.000,1.000,0.000,0.000,0.000,129.075,129.075,6.181,106.000,56.000,3.180
2024-03-10 08:36:30 - 2024-03-10 08:46:15,51.023,Swimming,0.300,584.926,,,0.000,1.000,0.000,0.000,0.000,131.916,131.916,5.978,104.000,80.000,5.060
2024-03-13 19:33:13 - 2024-03-13 19:42:52,54.387,Swimming,0.300,578.777,,,0.000,1.000,0.000,0.000,0.000,130.950,130.950,6.331,112.000,68.000,7.300
2024-03-17 09:57:18 - 2024-03-17 10:07:03,58.516,Swimming,0.300,585.649,,,0.000,1.000,0.000,0.000,0.000,131.723,131.723,6.649,115.000,44.000,7.500
2024-03-19 12:32:39 - 2024-03-19 12:42:18,57.375,Swimming,0.300,579.377,,,0.000,1.000,0.000,0.000,0.000,133.113,133.113,6.565,115.000,29.000,10.530
2024-03-24 14:49:00 - 2024-03-24 14:58:16,50.589,Swimming,0.300,555.832,,,0.000,1.000,0.000,0.000,0.000,134.179,134.179,6.168,103.918,47.000,13.750
2024-03-24 15:03:15 - 2024-03-24 15:13:04,56.996,Swimming,0.300,589.186,,,0.000,0.000,1.000,0.000,0.000,149.882,149.882,6.503,115.000,47.000,13.670
2024-03-31 13:49:02 - 2024-03-31 13:58:31,50.998,Swimming,0.300,568.484,,,0.000,1.000,0.000,0.000,0.000,133.180,133.180,6.113,105.000,51.000,12.440
2024-03-31 14:00:15 - 2024-03-31 14:05:07,30.257,Swimming,0.150,291.849,,,0.000,0.121,0.879,0.000,0.000,141.948,150.000,6.904,59.000,52.000,12.390
2024-04-04 14:29:48 - 2024-04-04 14:39:28,39.737,Swimming,0.225,455.033,,,0.000,1.000,0.000,0.000,0.000,121.648,121.648,5.167,78.000,40.000,15.340
2024-04-08 19:38:31 - 2024-04-08 19:47:56,53.969,Swimming,0.300,564.647,,,0.000,1.000,0.000,0.000,0.000,131.794,131.794,6.433,111.000,67.000,12.300
2024-04-08 19:52:05 - 2024-04-08 20:01:31,51.862,Swimming,0.300,566.190,,,0.000,0.000,1.000,0.000,0.000,141.519,141.519,6.210,108.000,68.000,12.150
2024-04-14 16:03:52 - 2024-04-14 16:13:24,55.975,Swimming,0.300,571.798,,,0.000,1.000,0.000,0.000,0.000,127.267,127.267,6.565,112.855,90.000,13.500
2024-04-14 16:18:10 - 2024-04-14 16:27:59,53.961,Swimming,0.300,588.628,,,0.000,0.000,1.000,0.000,0.000,144.722,144.722,6.185,109.000,90.000,13.440
2024-04-21 15:11:57 - 2024-04-21 15:21:43,53.976,Swimming,0.300,585.460,,,0.000,1.000,0.000,0.000,0.000,133.266,133.266,6.212,108.000,,
2024-04-21 15:23:07 - 2024-04-21 15:33:10,56.258,Swimming,0.300,602.526,,,0.000,0.000,1.000,0.000,0.000,148.240,148.240,6.283,114.000,,
2024-04-28 11:17:15 - 2024-04-28 11:26:34,52.812,Swimming,0.300,559.230,,,0.000,1.000,0.000,0.000,0.000,128.345,128.345,6.347,109.000,68.000,16.720
2024-05-05 20:26:31 - 2024-05-05 20:36:17,51.663,Swimming,0.300,586.214,,,0.000,1.000,0.000,0.000,0.000,127.303,127.303,6.017,105.000,79.000,14.800
2024-05-05 20:38:23 - 2024-05-05 20:48:08,55.225,Swimming,0.300,585.394,,,0.000,0.000,1.000,0.000,0.000,145.363,145.363,6.359,113.000,79.000,14.680
2024-05-08 16:15:52 - 2024-05-08 16:25:17,61.503,Swimming,0.300,565.000,,,0.000,0.000,1.000,0.000,0.000,144.096,144.096,7.095,123.000,55.000,18.100
2024-05-12 20:39:24 - 2024-05-12 20:48:39,56.837,Swimming,0.300,555.370,,,0.000,1.000,0.000,0.000,0.000,132.694,132.694,6.781,115.000,64.000,15.830
2024-05-12 20:51:47 - 2024-05-12 20:57:25,34.613,Swimming,0.100,337.675,,,0.000,1.000,0.000,0.000,0.000,130.774,130.774,6.754,47.000,64.000,15.730
2024-05-17 15:36:51 - 2024-05-17 15:46:25,58.164,Swimming,0.300,574.621,,,0.000,1.000,0.000,0.000,0.000,128.270,128.270,6.685,118.000,68.000,20.430
2024-05-18 20:06:49 - 2024-05-18 20:15:58,52.481,Swimming,0.300,548.851,,,0.000,1.000,0.000,0.000,0.000,132.800,132.800,6.409,106.838,49.000,29.680
2024-05-18 20:20:08 - 2024-05-18 20:29:43,56.958,Swimming,0.300,575.048,,,0.000,0.000,1.000,0.000,0.000,137.547,137.547,6.623,116.000,50.000,29.410
2024-05-23 11:49:42 - 2024-05-23 11:59:00,60.394,Swimming,0.300,557.907,,,0.000,1.000,0.000,0.000,0.000,126.413,126.413,7.128,117.000,75.000,20.730
2024-05-26 21:03:08 - 2024-05-26 21:12:31,52.143,Swimming,0.300,562.838,,,0.000,1.000,0.000,0.000,0.000,129.431,129.431,6.285,103.000,68.000,18.180
2024-05-31 11:09:07 - 2024-05-31 11:18:31,51.118,Swimming,0.300,563.615,,,0.000,1.000,0.000,0.000,0.000,126.151,126.151,6.167,106.000,64.000,24.000
2024-05-31 11:20:58 - 2024-05-31 11:30:55,51.605,Swimming,0.300,596.996,,,0.000,0.000,1.000,0.000,0.000,136.797,136.797,5.951,105.000,63.000,24.320
2024-06-09 20:07:16 - 2024-06-09 20:16:47,53.446,Swimming,0.300,571.033,,,0.000,1.000,0.000,0.000,0.000,129.882,129.882,6.337,108.000,76.000,22.820
2024-06-09 20:18:52 - 2024-06-09 20:20:42,13.779,Swimming,0.050,110.737,,,0.071,0.929,0.000,0.000,0.000,124.786,131.000,8.163,19.000,76.000,22.740
2024-06-12 10:25:17 - 2024-06-12 10:34:54,53.660,Swimming,0.300,577.774,,,0.000,1.000,0.000,0.000,0.000,124.904,124.904,6.286,109.000,85.000,22.940
2024-06-23 20:30:06 - 2024-06-23 20:34:31,16.017,Swimming,0.075,264.507,,,0.641,0.359,0.000,0.000,0.000,109.256,125.000,4.545,26.000,74.000,25.190
2024-06-23 20:37:39 - 2024-06-23 20:40:51,16.291,Swimming,0.100,192.667,,,0.310,0.690,0.000,0.000,0.000,119.379,131.000,6.096,32.000,72.000,25.160
2024-06-23 20:54:49 - 2024-06-23 20:56:47,13.736,Swimming,0.050,117.702,,,0.095,0.905,0.000,0.000,0.000,123.429,133.000,7.834,21.869,70.000,25.050
2024-07-12 14:20:46 - 2024-07-12 14:30:19,54.124,Swimming,0.300,572.679,,,0.000,0.000,1.000,0.000,0.000,136.320,136.320,6.376,110.000,78.000,26.820
2024-08-18 20:05:16 - 2024-08-18 20:15:20,53.552,Swimming,0.300,604.263,,,0.000,1.000,0.000,0.000,0.000,132.511,132.511,6.065,107.000,77.000,29.220
2024-09-01 19:57:42 - 2024-09-01 20:06:57,41.685,Swimming,0.225,554.717,,,0.000,1.000,0.000,0.000,0.000,122.823,122.823,5.338,83.000,88.000,27.520
2024-09-01 20:09:01 - 2024-09-01 20:19:40,54.721,Swimming,0.300,638.963,,,0.000,0.000,1.000,0.000,0.000,137.355,137.355,5.875,108.988,88.000,27.470
2024-09-04 08:59:42 - 2024-09-04 09:09:56,55.487,Swimming,0.300,614.311,,,0.000,1.000,0.000,0.000,0.000,123.984,123.984,6.112,111.000,,
2024-09-04 09:12:59 - 2024-09-04 09:23:33,57.858,Swimming,0.300,633.550,,,0.000,0.000,1.000,0.000,0.000,137.925,137.925,6.217,117.000,72.000,26.600
2024-09-06 15:30:58 - 2024-09-06 15:41:01,53.121,Swimming,0.300,603.832,,,0.000,1.000,0.000,0.000,0.000,129.212,129.212,6.030,105.917,51.000,28.720
2024-09-06 15:43:43 - 2024-09-06 15:54:11,57.662,Swimming,0.300,628.402,,,0.000,0.000,1.000,0.000,0.000,135.123,135.123,6.226,114.000,52.000,28.550
2024-09-08 20:07:04 - 2024-09-08 20:17:14,55.382,Swimming,0.300,610.182,,,0.000,1.000,0.000,0.000,0.000,122.422,122.422,6.168,109.000,73.000,26.060
2024-09-08 20:19:28 - 2024-09-08 20:29:48,55.529,Swimming,0.300,620.026,,,0.000,1.000,0.000,0.000,0.000,129.302,129.302,6.077,110.990,73.000,26.040
2024-09-17 20:35:57 - 2024-09-17 20:46:16,57.523,Swimming,0.300,618.518,,,0.000,1.000,0.000,0.000,0.000,123.812,123.812,6.293,112.000,,
2024-09-17 20:50:19 - 2024-09-17 21:00:08,52.259,Swimming,0.300,588.446,,,0.000,0.000,1.000,0.000,0.000,138.585,138.585,6.032,105.000,88.000,27.810
2024-09-22 16:17:03 - 2024-09-22 16:26:57,59.148,Swimming,0.300,594.453,,,0.000,1.000,0.000,0.000,0.000,124.120,124.120,6.607,113.000,45.000,22.510
2024-09-22 16:29:12 - 2024-09-22 16:39:21,55.573,Swimming,0.300,609.447,,,0.000,1.000,0.000,0.000,0.000,134.931,134.931,6.223,113.000,45.000,22.360
2024-12-23 08:31:04 - 2024-12-23 08:41:29,57.383,Swimming,0.300,625.642,,,0.000,1.000,0.000,0.000,0.000,128.634,128.634,6.208,115.000,56.000,-0.464
2024-12-23 08:46:17 - 2024-12-23 08:56:31,56.102,Swimming,0.300,614.833,,,0.000,0.000,1.000,0.000,0.000,139.400,139.400,6.183,112.000,55.000,-0.132
2024-12-25 10:47:30 - 2024-12-25 10:57:34,56.867,Swimming,0.300,604.305,,,0.000,1.000,0.000,0.000,0.000,123.962,123.962,6.342,116.000,54.000,5.797
2024-12-25 10:59:22 - 2024-12-25 11:09:31,57.981,Swimming,0.300,608.240,,,0.000,0.000,1.000,0.000,0.000,137.794,137.794,6.431,118.000,52.000,5.981
2024-12-30 08:26:51 - 2024-12-30 08:37:15,53.176,Swimming,0.300,624.146,,,0.000,1.000,0.000,0.000,0.000,127.360,127.360,5.838,107.000,59.000,3.447
2024-12-30 08:39:35 - 2024-12-30 08:49:48,56.174,Swimming,0.300,613.604,,,0.000,0.000,1.000,0.000,0.000,136.851,136.851,6.213,112.000,59.000,3.445
2025-01-02 09:45:26 - 2025-01-02 09:55:40,55.309,Swimming,0.300,613.964,,,0.000,1.000,0.000,0.000,0.000,123.433,123.433,6.139,112.000,71.000,4.609
2025-01-03 15:15:53 - 2025-01-03 15:25:44,54.959,Swimming,0.300,591.408,,,0.000,1.000,0.000,0.000,0.000,130.187,130.187,6.282,111.000,35.000,6.121
2025-01-03 15:28:33 - 2025-01-03 15:38:24,58.248,Swimming,0.300,591.264,,,0.000,0.000,1.000,0.000,0.000,143.484,143.484,6.547,119.000,35.000,6.028
2025-01-05 20:36:42 - 2025-01-05 20:46:28,59.505,Swimming,0.300,586.331,,,0.000,1.000,0.000,0.000,0.000,128.159,128.159,6.755,117.000,62.000,3.334
2025-01-05 20:48:14 - 2025-01-05 20:57:43,56.012,Swimming,0.300,569.268,,,0.000,0.000,1.000,0.000,0.000,140.702,140.702,6.579,116.000,62.000,3.433
2025-01-05 21:00:51 - 2025-01-05 21:10:15,54.458,Swimming,0.300,564.933,,,0.000,0.000,1.000,0.000,0.000,147.012,147.012,6.475,109.000,63.000,3.269
2025-01-08 08:53:54 - 2025-01-08 09:03:19,57.233,Swimming,0.300,565.001,,,0.000,1.000,0.000,0.000,0.000,127.906,127.906,6.709,109.000,61.000,1.038
2025-01-08 09:04:57 - 2025-01-08 09:14:21,54.653,Swimming,0.300,564.798,,,0.000,0.000,1.000,0.000,0.000,140.549,140.549,6.501,111.000,61.000,1.183
2025-01-10 11:33:19 - 2025-01-10 11:42:54,57.931,Swimming,0.300,574.694,,,0.000,1.000,0.000,0.000,0.000,120.660,120.660,6.680,110.000,35.000,0.244
2025-01-10 11:44:53 - 2025-01-10 11:54:41,56.177,Swimming,0.300,587.708,,,0.000,0.000,1.000,0.000,0.000,135.598,135.598,6.394,112.000,35.000,0.385
2025-01-10 11:56:54 - 2025-01-10 12:06:47,54.619,Swimming,0.300,593.321,,,0.000,0.000,1.000,0.000,0.000,137.174,137.174,6.242,110.000,34.000,0.598
2025-01-13 11:36:03 - 2025-01-13 11:45:30,55.766,Swimming,0.300,567.379,,,0.000,1.000,0.000,0.000,0.000,124.977,124.977,6.552,112.000,56.000,6.001
2025-01-13 11:47:40 - 2025-01-13 11:57:36,56.585,Swimming,0.300,596.588,,,0.000,0.000,1.000,0.000,0.000,136.619,136.619,6.400,112.000,55.000,6.164
2025-01-13 12:00:02 - 2025-01-13 12:09:50,58.958,Swimming,0.300,588.016,,,0.000,0.000,1.000,0.000,0.000,141.114,141.114,6.686,116.000,55.000,6.150
2025-01-15 09:03:28 - 2025-01-15 09:12:56,59.196,Swimming,0.300,568.590,,,0.000,1.000,0.000,0.000,0.000,130.443,130.443,6.854,118.000,57.000,-2.048
2025-01-15 09:14:40 - 2025-01-15 09:24:33,56.524,Swimming,0.300,592.311,,,0.000,0.000,1.000,0.000,0.000,138.979,138.979,6.391,116.000,56.000,-1.863
2025-01-17 11:04:13 - 2025-01-17 11:14:10,61.424,Swimming,0.300,597.757,,,0.000,1.000,0.000,0.000,0.000,120.684,120.684,6.799,124.000,56.000,3.286
2025-01-17 11:15:54 - 2025-01-17 11:25:51,56.661,Swimming,0.300,597.267,,,0.000,1.000,0.000,0.000,0.000,132.125,132.125,6.406,116.000,55.000,3.448
2025-01-17 11:27:49 - 2025-01-17 11:37:42,56.729,Swimming,0.300,592.996,,,0.000,1.000,0.000,0.000,0.000,133.402,133.402,6.411,111.000,,
2025-01-20 13:37:21 - 2025-01-20 13:47:04,54.628,Swimming,0.300,582.670,,,0.000,1.000,0.000,0.000,0.000,125.489,125.489,6.325,108.000,42.000,6.072
2025-01-20 13:48:36 - 2025-01-20 13:58:33,54.274,Swimming,0.300,596.964,,,0.000,1.000,0.000,0.000,0.000,133.816,133.816,6.194,110.000,41.000,6.319
2025-01-20 13:59:55 - 2025-01-20 14:09:50,55.020,Swimming,0.300,594.524,,,0.000,0.000,1.000,0.000,0.000,136.865,136.865,6.280,114.000,,
2025-01-22 14:35:30 - 2025-01-22 14:45:22,52.780,Swimming,0.300,592.193,,,0.000,1.000,0.000,0.000,0.000,121.258,121.258,6.065,108.000,59.000,7.512
2025-01-22 14:46:28 - 2025-01-22 14:56:23,54.748,Swimming,0.300,595.249,,,0.000,1.000,0.000,0.000,0.000,132.015,132.015,6.236,111.000,61.000,7.352
2025-01-22 14:58:06 - 2025-01-22 15:08:01,52.346,Swimming,0.300,594.896,,,0.000,1.000,0.000,0.000,0.000,134.504,134.504,6.038,111.000,59.000,7.202
2025-01-24 13:21:11 - 2025-01-24 13:31:11,55.237,Swimming,0.300,599.550,,,0.000,1.000,0.000,0.000,0.000,116.824,116.824,6.212,111.000,,
2025-01-24 13:32:56 - 2025-01-24 13:43:02,52.850,Swimming,0.300,605.896,,,0.000,1.000,0.000,0.000,0.000,127.687,127.687,5.985,105.000,,
2025-01-24 13:45:36 - 2025-01-24 13:55:49,56.787,Swimming,0.300,613.216,,,0.000,1.000,0.000,0.000,0.000,127.992,127.992,6.245,113.000,57.000,7.927
2025-02-02 19:33:08 - 2025-02-02 19:42:36,52.601,Swimming,0.300,568.352,,,0.000,1.000,0.000,0.000,0.000,123.474,123.474,6.279,108.000,71.000,1.585
2025-02-02 19:44:00 - 2025-02-02 19:54:47,53.693,Swimming,0.300,644.066,,,0.000,1.000,0.000,0.000,0.000,133.375,133.375,6.122,107.000,,
2025-02-02 19:56:11 - 2025-02-02 20:05:50,59.129,Swimming,0.300,579.361,,,0.000,0.000,1.000,0.000,0.000,137.842,137.842,6.790,115.000,72.000,1.362
2025-02-02 20:07:46 - 2025-02-02 20:11:35,22.583,Swimming,0.100,229.465,,,0.000,0.067,0.933,0.000,0.000,142.756,148.000,6.672,37.000,,
2025-02-04 15:29:54 - 2025-02-04 15:39:31,52.554,Swimming,0.300,576.596,,,0.000,1.000,0.000,0.000,0.000,125.055,125.055,6.191,107.000,30.000,0.448
2025-02-04 15:42:36 - 2025-02-04 15:52:29,62.386,Swimming,0.300,592.810,,,0.000,0.000,1.000,0.000,0.000,135.292,135.292,6.888,115.000,31.000,0.448
2025-02-04 15:56:14 - 2025-02-04 16:06:28,57.534,Swimming,0.300,613.588,,,0.000,0.000,1.000,0.000,0.000,140.867,140.867,6.297,113.000,,
2025-02-04 16:08:37 - 2025-02-04 16:12:42,20.794,Swimming,0.100,244.313,,,0.000,0.188,0.812,0.000,0.000,139.688,147.000,5.866,33.000,30.000,0.499
2025-02-07 13:50:53 - 2025-02-07 14:00:39,52.184,Swimming,0.300,586.124,,,0.000,1.000,0.000,0.000,0.000,126.964,126.964,6.087,105.000,43.000,-5.604
2025-02-07 14:02:10 - 2025-02-07 14:12:11,56.155,Swimming,0.300,601.421,,,0.000,0.000,1.000,0.000,0.000,140.917,140.917,6.281,113.000,43.000,-5.575
2025-02-07 14:13:25 - 2025-02-07 14:23:40,53.666,Swimming,0.300,614.539,,,0.000,0.000,1.000,0.000,0.000,141.543,141.543,5.955,106.000,,
2025-02-10 14:32:54 - 2025-02-10 14:43:11,54.412,Swimming,0.300,617.119,,,0.000,1.000,0.000,0.000,0.000,126.438,126.438,6.040,105.000,46.000,4.026
2025-02-10 14:44:58 - 2025-02-10 14:55:16,56.434,Swimming,0.300,618.428,,,0.000,0.000,1.000,0.000,0.000,140.355,140.355,6.194,110.000,46.000,3.981
2025-02-10 14:57:52 - 2025-02-10 15:08:19,54.894,Swimming,0.300,626.613,,,0.000,0.000,1.000,0.000,0.000,142.145,142.145,6.005,106.000,44.000,4.256
2025-02-12 14:37:27 - 2025-02-12 14:47:51,55.875,Swimming,0.300,624.403,,,0.000,1.000,0.000,0.000,0.000,121.824,121.824,6.075,109.893,48.000,4.638
2025-02-12 14:49:10 - 2025-02-12 14:59:23,56.119,Swimming,0.300,612.854,,,0.000,0.000,1.000,0.000,0.000,135.869,135.869,6.179,113.000,47.000,4.541
2025-02-12 15:00:47 - 2025-02-12 15:10:54,55.031,Swimming,0.300,607.683,,,0.000,0.000,1.000,0.000,0.000,137.697,137.697,6.159,111.000,47.000,4.455
2025-02-15 20:38:11 - 2025-02-15 20:48:07,50.645,Swimming,0.300,595.573,,,0.000,1.000,0.000,0.000,0.000,124.681,124.681,5.908,100.000,72.000,5.697
2025-02-15 20:49:16 - 2025-02-15 20:59:30,52.245,Swimming,0.300,613.743,,,0.000,1.000,0.000,0.000,0.000,131.794,131.794,5.870,101.000,72.000,5.606
2025-02-15 21:01:49 - 2025-02-15 21:12:09,51.592,Swimming,0.300,619.992,,,0.000,1.000,0.000,0.000,0.000,132.862,132.862,5.775,101.000,72.000,5.449
2025-02-15 21:14:04 - 2025-02-15 21:18:12,20.962,Swimming,0.100,248.019,,,0.020,0.120,0.820,0.040,0.000,142.140,159.000,5.827,32.000,72.000,5.455
2025-02-15 21:23:11 - 2025-02-15 21:33:53,57.185,Swimming,0.300,642.401,,,0.000,0.000,1.000,0.000,0.000,135.722,135.722,6.064,108.000,72.000,5.414
2025-02-17 14:23:02 - 2025-02-17 14:33:05,55.458,Swimming,0.300,603.095,,,0.000,1.000,0.000,0.000,0.000,129.960,129.960,6.248,108.840,35.000,5.612
2025-02-17 14:34:34 - 2025-02-17 14:36:40,8.681,Swimming,0.075,125.763,,,0.083,0.917,0.000,0.000,0.000,126.167,132.000,5.106,19.000,35.000,5.715
2025-02-17 14:38:16 - 2025-02-17 14:48:28,52.630,Swimming,0.300,611.606,,,0.000,0.000,1.000,0.000,0.000,136.399,136.399,5.941,105.000,35.000,5.727
2025-02-17 14:50:57 - 2025-02-17 15:01:34,56.599,Swimming,0.275,637.226,,,0.000,0.000,1.000,0.000,0.000,137.884,137.884,6.073,107.000,35.000,5.733
2025-02-20 13:54:23 - 2025-02-20 14:04:58,51.984,Swimming,0.300,635.915,,,0.000,1.000,0.000,0.000,0.000,115.125,115.125,5.685,100.000,48.000,4.304
2025-02-20 14:06:37 - 2025-02-20 14:16:49,52.637,Swimming,0.300,611.618,,,0.000,1.000,0.000,0.000,0.000,124.037,124.037,5.917,105.000,48.000,4.274
2025-02-20 14:20:39 - 2025-02-20 14:30:48,52.491,Swimming,0.300,609.168,,,0.000,1.000,0.000,0.000,0.000,128.586,128.586,5.927,103.000,48.000,4.248
2025-02-20 14:33:06 - 2025-02-20 14:37:06,26.032,Swimming,0.100,239.158,,,0.062,0.834,0.104,0.000,0.000,127.604,137.000,7.273,39.000,48.000,4.212
2025-02-23 14:03:14 - 2025-02-23 14:13:22,52.497,Swimming,0.300,608.203,,,1.000,0.000,0.000,0.000,0.000,113.535,113.535,5.931,105.000,29.000,3.613
2025-02-23 14:16:44 - 2025-02-23 14:21:11,25.426,Swimming,0.100,266.858,,,0.000,0.824,0.176,0.000,0.000,130.902,142.000,6.492,42.000,,
2025-02-23 14:23:38 - 2025-02-23 14:33:48,51.378,Swimming,0.300,610.015,,,0.000,1.000,0.000,0.000,0.000,133.214,133.214,5.831,103.000,29.000,3.521
2025-02-23 14:35:52 - 2025-02-23 14:46:12,55.279,Swimming,0.300,620.184,,,0.000,0.000,1.000,0.000,0.000,138.443,138.443,6.079,111.000,29.000,3.688
2025-02-25 14:04:21 - 2025-02-25 14:14:17,53.806,Swimming,0.300,596.459,,,0.000,1.000,0.000,0.000,0.000,123.083,123.083,6.149,105.000,50.000,7.543
2025-02-25 14:15:59 - 2025-02-25 14:26:02,53.738,Swimming,0.300,603.157,,,0.000,1.000,0.000,0.000,0.000,134.023,134.023,6.098,107.000,,
2025-02-25 14:30:21 - 2025-02-25 14:40:18,51.980,Swimming,0.300,597.112,,,0.000,0.000,1.000,0.000,0.000,136.850,136.850,5.946,103.000,53.000,7.617
2025-02-25 14:42:35 - 2025-02-25 14:48:27,39.693,Swimming,0.150,352.291,,,0.000,0.000,1.000,0.000,0.000,139.124,139.124,7.363,62.000,51.000,7.651
2025-02-27 10:39:00 - 2025-02-27 10:48:48,50.842,Swimming,0.300,588.371,,,0.000,1.000,0.000,0.000,0.000,122.746,122.746,5.945,101.000,71.000,8.057
2025-02-27 10:49:54 - 2025-02-27 11:00:02,49.711,Swimming,0.300,608.318,,,0.000,1.000,0.000,0.000,0.000,132.502,132.502,5.721,101.000,72.000,7.897
2025-02-27 11:02:44 - 2025-02-27 11:12:58,52.778,Swimming,0.300,614.119,,,0.000,1.000,0.000,0.000,0.000,132.611,132.611,5.916,103.000,71.000,8.218
2025-02-27 11:14:49 - 2025-02-27 11:18:35,23.390,Swimming,0.100,226.240,,,0.043,0.500,0.457,0.000,0.000,133.152,142.000,6.842,39.000,72.000,8.012
2025-03-03 10:29:54 - 2025-03-03 10:39:25,49.749,Swimming,0.300,570.789,,,0.000,1.000,0.000,0.000,0.000,120.216,120.216,5.990,97.000,64.000,4.664
2025-03-03 10:41:02 - 2025-03-03 10:51:01,52.391,Swimming,0.300,598.851,,,0.000,1.000,0.000,0.000,0.000,133.493,133.493,6.004,104.000,65.000,4.847
2025-03-03 10:53:28 - 2025-03-03 11:03:08,51.158,Swimming,0.300,579.575,,,0.000,0.000,1.000,0.000,0.000,136.463,136.463,6.040,103.000,64.000,4.989
2025-03-03 11:05:37 - 2025-03-03 11:09:17,25.552,Swimming,0.100,220.694,,,0.000,0.182,0.818,0.000,0.000,139.545,146.000,7.497,41.000,64.000,5.147
2025-03-05 10:58:41 - 2025-03-05 11:08:10,50.617,Swimming,0.300,568.624,,,0.000,1.000,0.000,0.000,0.000,128.026,128.026,6.095,98.000,,
2025-03-05 11:09:48 - 2025-03-05 11:19:20,48.537,Swimming,0.300,571.735,,,0.000,0.000,1.000,0.000,0.000,135.427,135.427,5.851,97.000,,
2025-03-05 11:20:54 - 2025-03-05 11:30:35,50.209,Swimming,0.300,580.810,,,0.000,0.000,1.000,0.000,0.000,137.490,137.490,5.909,102.000,,
2025-03-05 11:32:18 - 2025-03-05 11:35:53,24.171,Swimming,0.100,215.125,,,0.000,0.465,0.535,0.000,0.000,134.977,148.000,7.515,40.000,64.000,5.255
2025-03-07 10:39:03 - 2025-03-07 10:48:36,53.481,Swimming,0.300,573.452,,,0.000,1.000,0.000,0.000,0.000,119.225,119.225,6.271,102.000,,
2025-03-07 10:50:01 - 2025-03-07 10:59:37,51.954,Swimming,0.300,575.636,,,0.000,1.000,0.000,0.000,0.000,132.390,132.390,6.158,106.000,54.000,5.182
2025-03-07 11:03:04 - 2025-03-07 11:12:37,51.570,Swimming,0.300,573.390,,,0.000,1.000,0.000,0.000,0.000,134.604,134.604,6.140,104.000,54.000,5.198
2025-03-07 11:14:29 - 2025-03-07 11:17:55,22.495,Swimming,0.100,205.562,,,0.024,0.341,0.635,0.000,0.000,135.366,145.000,7.173,40.000,54.000,5.251
2025-03-10 16:51:48 - 2025-03-10 17:01:30,51.577,Swimming,0.300,582.260,,,0.000,1.000,0.000,0.000,0.000,121.030,121.030,6.057,102.000,85.000,7.898
2025-03-10 17:02:59 - 2025-03-10 17:12:59,53.234,Swimming,0.300,599.937,,,0.000,1.000,0.000,0.000,0.000,129.271,129.271,6.060,106.000,86.000,7.855
2025-03-10 17:14:30 - 2025-03-10 17:30:02,89.384,Swimming,0.400,932.052,,,0.000,1.000,0.000,0.000,0.000,132.159,133.601,6.428,155.000,86.000,7.803
2025-03-12 13:50:44 - 2025-03-12 14:00:58,52.543,Swimming,0.300,613.961,,,0.000,1.000,0.000,0.000,0.000,119.385,119.385,5.900,104.000,40.000,14.086
2025-03-12 14:02:26 - 2025-03-12 14:12:40,53.039,Swimming,0.300,614.122,,,0.000,1.000,0.000,0.000,0.000,126.881,126.881,5.903,103.000,,
2025-03-12 14:14:44 - 2025-03-12 14:25:54,63.444,Swimming,0.300,669.350,,,0.000,1.000,0.000,0.000,0.000,130.137,130.137,6.358,113.000,42.000,13.872
2025-03-14 14:07:20 - 2025-03-14 14:17:25,51.059,Swimming,0.300,605.110,,,0.000,1.000,0.000,0.000,0.000,116.703,116.703,5.826,100.000,34.000,12.363
2025-03-14 14:19:47 - 2025-03-14 14:30:10,51.421,Swimming,0.300,622.603,,,0.000,1.000,0.000,0.000,0.000,124.536,124.536,5.708,101.000,,
2025-03-14 14:32:30 - 2025-03-14 14:43:01,54.897,Swimming,0.300,630.796,,,0.000,1.000,0.000,0.000,0.000,128.897,128.897,5.945,107.000,35.000,12.193
2025-03-14 14:45:00 - 2025-03-14 14:52:58,50.711,Swimming,0.200,478.472,,,0.000,1.000,0.000,0.000,0.000,128.289,128.289,6.958,81.000,,
2025-03-19 15:42:37 - 2025-03-19 15:53:28,53.406,Swimming,0.275,651.883,,,0.000,1.000,0.000,0.000,0.000,115.022,115.022,5.670,106.000,51.000,10.204
2025-03-19 15:55:32 - 2025-03-19 16:06:06,52.531,Swimming,0.300,633.911,,,0.000,1.000,0.000,0.000,0.000,123.572,123.572,5.723,102.000,51.000,10.180
2025-03-19 16:08:18 - 2025-03-19 16:18:40,55.837,Swimming,0.300,622.361,,,0.000,1.000,0.000,0.000,0.000,128.183,128.183,6.106,108.850,51.000,10.149
2025-03-19 16:20:46 - 2025-03-19 16:26:51,36.957,Swimming,0.150,365.059,,,0.000,1.000,0.000,0.000,0.000,129.835,129.835,6.718,60.929,52.000,10.109
2025-03-21 09:42:34 - 2025-03-21 09:52:43,54.761,Swimming,0.300,608.759,,,0.000,1.000,0.000,0.000,0.000,117.319,117.319,6.091,104.000,37.000,15.087
2025-03-21 09:54:33 - 2025-03-21 10:04:48,50.424,Swimming,0.300,615.776,,,0.000,1.000,0.000,0.000,0.000,124.782,124.782,5.674,100.000,,
2025-03-21 10:07:40 - 2025-03-21 10:23:44,91.093,Swimming,0.400,964.389,,,0.000,1.000,0.000,0.000,0.000,126.372,127.432,6.330,151.000,34.000,16.383
2025-03-24 10:08:08 - 2025-03-24 10:18:22,56.807,Swimming,0.300,613.757,,,0.000,1.000,0.000,0.000,0.000,122.395,122.395,6.231,110.000,39.000,16.874
2025-03-24 10:20:05 - 2025-03-24 10:30:26,55.092,Swimming,0.300,621.611,,,0.000,1.000,0.000,0.000,0.000,130.039,130.039,6.059,110.000,38.000,17.190
2025-03-24 10:32:17 - 2025-03-24 10:42:26,55.779,Swimming,0.300,609.886,,,0.000,1.000,0.000,0.000,0.000,132.564,132.564,6.218,113.000,36.000,17.414
2025-03-26 16:00:48 - 2025-03-26 16:11:02,53.903,Swimming,0.300,614.182,,,0.000,1.000,0.000,0.000,0.000,121.014,121.014,5.988,106.000,65.000,13.472
2025-03-26 16:13:07 - 2025-03-26 16:23:32,54.196,Swimming,0.300,625.766,,,0.000,1.000,0.000,0.000,0.000,128.740,128.740,5.961,106.000,67.000,13.303
2025-03-26 16:25:47 - 2025-03-26 16:36:27,56.300,Swimming,0.300,640.033,,,0.000,1.000,0.000,0.000,0.000,130.704,130.704,6.006,109.000,67.000,13.275
2025-03-30 20:43:11 - 2025-03-30 20:53:20,56.638,Swimming,0.300,608.503,,,0.000,1.000,0.000,0.000,0.000,125.699,125.699,6.296,108.928,61.000,8.620
2025-03-30 20:55:34 - 2025-03-30 21:05:52,55.077,Swimming,0.300,618.376,,,0.000,1.000,0.000,0.000,0.000,132.366,132.366,6.081,109.000,61.000,8.612
2025-03-30 21:07:55 - 2025-03-30 21:18:15,55.604,Swimming,0.300,620.062,,,0.000,0.000,1.000,0.000,0.000,137.863,137.863,6.098,110.000,61.000,8.609
2025-03-30 21:23:14 - 2025-03-30 21:32:07,50.618,Swimming,0.200,532.345,,,0.000,0.000,1.000,0.000,0.000,138.863,138.863,6.373,82.000,58.000,9.725
2025-04-01 15:12:30 - 2025-04-01 15:22:25,52.955,Swimming,0.300,595.295,,,0.000,1.000,0.000,0.000,0.000,120.635,120.635,6.068,106.000,58.000,11.274
2025-04-01 15:24:31 - 2025-04-01 15:34:55,55.515,Swimming,0.300,623.646,,,0.000,1.000,0.000,0.000,0.000,130.232,130.232,6.070,108.000,59.000,11.228
2025-04-01 15:38:36 - 2025-04-01 15:56:14,99.922,Swimming,0.400,1058.551,,,0.000,1.000,0.000,0.000,0.000,130.754,131.996,6.319,164.000,61.000,10.795
2025-04-06 20:41:27 - 2025-04-06 20:51:48,53.018,Swimming,0.300,621.048,,,0.000,1.000,0.000,0.000,0.000,122.943,122.943,5.842,105.000,63.000,11.991
2025-04-06 20:53:39 - 2025-04-06 21:04:07,52.844,Swimming,0.300,628.137,,,0.000,1.000,0.000,0.000,0.000,127.806,127.806,5.813,102.000,,
2025-04-06 21:07:35 - 2025-04-06 21:27:24,113.818,Swimming,0.400,1188.367,,,0.000,1.000,0.000,0.000,0.000,129.819,130.762,6.398,174.000,64.000,11.700
2025-04-09 11:34:14 - 2025-04-09 11:44:34,60.218,Swimming,0.300,619.345,,,0.000,1.000,0.000,0.000,0.000,120.140,120.140,6.516,114.000,59.000,14.237
2025-04-09 11:46:02 - 2025-04-09 11:56:23,55.983,Swimming,0.300,620.906,,,0.000,1.000,0.000,0.000,0.000,131.602,131.602,6.149,111.000,,
2025-04-09 11:58:09 - 2025-04-09 12:12:58,85.344,Swimming,0.400,888.663,,,0.000,1.000,0.000,0.000,0.000,132.023,132.023,6.457,154.000,,
2025-04-11 18:53:44 - 2025-04-11 19:04:09,53.344,Swimming,0.300,624.440,,,0.000,1.000,0.000,0.000,0.000,117.202,117.202,5.888,106.000,78.000,12.305
2025-04-11 19:05:53 - 2025-04-11 19:16:40,54.615,Swimming,0.300,646.775,,,0.000,1.000,0.000,0.000,0.000,124.400,124.400,5.827,107.895,78.000,12.359
2025-04-11 19:19:53 - 2025-04-11 19:35:58,88.410,Swimming,0.400,965.428,,,0.000,1.000,0.000,0.000,0.000,128.358,131.242,6.193,153.000,77.000,12.462
2025-04-14 15:36:43 - 2025-04-14 15:47:07,55.811,Swimming,0.300,623.698,,,0.000,1.000,0.000,0.000,0.000,123.863,123.863,6.097,109.000,46.000,14.552
2025-04-14 15:48:42 - 2025-04-14 15:59:10,57.079,Swimming,0.300,628.437,,,0.000,1.000,0.000,0.000,0.000,130.780,130.780,6.188,111.000,49.000,13.782
2025-04-14 16:03:13 - 2025-04-14 16:18:59,99.841,Swimming,0.400,945.938,,,0.000,0.500,0.500,0.000,0.000,132.535,136.195,6.915,170.000,47.000,14.355
2025-04-18 15:28:29 - 2025-04-18 15:39:03,54.111,Swimming,0.300,633.479,,,0.000,1.000,0.000,0.000,0.000,119.104,119.104,5.869,105.916,50.000,16.423
2025-04-18 15:41:06 - 2025-04-18 15:51:52,55.796,Swimming,0.300,645.260,,,0.000,1.000,0.000,0.000,0.000,123.919,123.919,5.942,107.000,,
2025-04-18 15:55:50 - 2025-04-18 16:11:47,84.016,Swimming,0.400,956.149,,,0.000,1.000,0.000,0.000,0.000,126.310,128.226,5.976,154.000,50.000,16.144
2025-04-20 21:13:17 - 2025-04-20 21:23:47,53.241,Swimming,0.300,629.315,,,0.000,1.000,0.000,0.000,0.000,128.230,128.230,5.841,106.000,83.000,11.118
2025-04-20 21:25:31 - 2025-04-20 21:35:56,54.296,Swimming,0.300,625.031,,,0.000,0.000,1.000,0.000,0.000,136.310,136.310,5.965,108.000,,
2025-04-20 21:37:28 - 2025-04-20 21:53:37,97.918,Swimming,0.400,968.663,,,0.000,0.000,1.000,0.000,0.000,138.205,138.205,6.702,169.000,82.000,11.162
2025-04-25 09:37:08 - 2025-04-25 09:47:38,54.610,Swimming,0.300,630.517,,,0.000,1.000,0.000,0.000,0.000,123.268,123.268,5.958,106.000,38.000,15.605
2025-04-25 09:50:44 - 2025-04-25 10:01:08,57.708,Swimming,0.300,624.199,,,0.000,1.000,0.000,0.000,0.000,130.603,130.603,6.261,114.000,38.000,15.783
2025-04-25 10:02:54 - 2025-04-25 10:17:44,82.374,Swimming,0.400,890.096,,,0.000,1.000,0.000,0.000,0.000,130.691,130.691,6.242,155.000,38.000,16.028
2025-04-27 15:18:42 - 2025-04-27 15:29:02,54.660,Swimming,0.300,619.691,,,0.000,1.000,0.000,0.000,0.000,120.975,120.975,6.002,109.000,55.000,17.629
2025-04-27 15:30:39 - 2025-04-27 15:41:13,53.740,Swimming,0.300,633.246,,,0.000,1.000,0.000,0.000,0.000,127.521,127.521,5.830,108.000,,
2025-04-27 15:44:46 - 2025-04-27 15:59:48,85.004,Swimming,0.400,901.341,,,0.000,1.000,0.000,0.000,0.000,132.463,132.463,6.343,158.000,,
2025-04-30 11:31:37 - 2025-04-30 11:41:46,53.543,Swimming,0.300,608.680,,,0.000,1.000,0.000,0.000,0.000,116.410,116.410,6.004,107.000,64.000,18.653
2025-04-30 11:43:59 - 2025-04-30 11:54:07,56.191,Swimming,0.300,608.075,,,0.000,1.000,0.000,0.000,0.000,127.742,127.742,6.259,111.000,65.000,18.371
2025-04-30 11:56:05 - 2025-04-30 12:10:29,84.128,Swimming,0.400,863.626,,,0.000,1.000,0.000,0.000,0.000,133.467,133.467,6.483,153.000,64.000,18.548
2025-05-06 12:38:32 - 2025-05-06 12:48:38,53.549,Swimming,0.300,605.998,,,0.000,1.000,0.000,0.000,0.000,117.781,117.781,6.046,107.000,76.000,15.688
2025-05-06 12:51:50 - 2025-05-06 13:01:48,55.537,Swimming,0.300,598.701,,,0.000,1.000,0.000,0.000,0.000,131.314,131.314,6.262,111.000,75.000,15.833
2025-05-06 13:05:30 - 2025-05-06 13:20:22,91.661,Swimming,0.400,891.725,,,0.000,0.500,0.500,0.000,0.000,137.025,140.359,6.798,163.000,75.000,15.944
2025-05-08 16:02:57 - 2025-05-08 16:12:39,52.817,Swimming,0.300,582.604,,,0.000,1.000,0.000,0.000,0.000,125.721,125.721,6.147,107.000,73.000,14.597
2025-05-08 16:14:36 - 2025-05-08 16:24:38,54.030,Swimming,0.300,601.141,,,0.000,1.000,0.000,0.000,0.000,132.341,132.341,6.128,108.000,73.000,14.596
2025-05-08 16:28:34 - 2025-05-08 16:43:38,84.414,Swimming,0.400,904.090,,,0.000,0.500,0.500,0.000,0.000,132.864,137.192,6.268,152.000,74.000,14.384
2025-05-11 16:16:41 - 2025-05-11 16:26:15,53.675,Swimming,0.300,574.262,,,0.000,1.000,0.000,0.000,0.000,123.213,123.213,6.289,110.000,57.000,18.314
2025-05-11 16:28:12 - 2025-05-11 16:38:03,56.477,Swimming,0.300,590.557,,,0.000,0.000,1.000,0.000,0.000,138.151,138.151,6.392,118.000,,
2025-05-11 16:39:50 - 2025-05-11 16:52:54,75.002,Swimming,0.400,783.141,,,0.000,0.000,1.000,0.000,0.000,142.106,142.106,6.394,154.000,57.000,18.101
2025-05-14 11:56:30 - 2025-05-14 12:06:17,54.628,Swimming,0.300,587.286,,,0.000,1.000,0.000,0.000,0.000,128.634,128.634,6.268,109.000,76.000,19.203
2025-05-14 12:07:58 - 2025-05-14 12:17:59,53.489,Swimming,0.300,600.661,,,0.000,0.000,1.000,0.000,0.000,136.950,136.950,6.041,108.000,76.000,19.246
2025-05-14 12:20:17 - 2025-05-14 12:33:35,73.500,Swimming,0.400,798.507,,,0.000,0.000,1.000,0.000,0.000,139.913,139.913,6.230,148.000,76.000,19.259
2025-05-18 16:18:22 - 2025-05-18 16:28:12,54.575,Swimming,0.300,589.695,,,0.000,1.000,0.000,0.000,0.000,125.752,125.752,6.265,108.000,59.000,16.709
2025-05-18 16:29:39 - 2025-05-18 16:42:45,71.483,Swimming,0.400,786.166,,,0.000,0.000,1.000,0.000,0.000,136.734,136.734,6.175,149.000,61.000,16.681
2025-05-18 16:46:09 - 2025-05-18 16:55:54,54.478,Swimming,0.300,584.760,,,0.000,0.000,1.000,0.000,0.000,141.119,141.119,6.282,114.000,61.000,16.565
2025-05-21 14:06:44 - 2025-05-21 14:16:12,47.747,Swimming,0.300,568.275,,,0.000,1.000,0.000,0.000,0.000,124.285,124.285,5.783,96.000,75.000,22.527
2025-05-21 14:18:03 - 2025-05-21 14:27:38,52.243,Swimming,0.300,575.413,,,0.000,0.000,1.000,0.000,0.000,136.399,136.399,6.145,106.000,75.000,22.547
2025-05-21 14:31:17 - 2025-05-21 14:44:31,70.972,Swimming,0.400,793.538,,,0.000,0.000,1.000,0.000,0.000,139.555,139.555,6.075,142.000,74.000,22.643
2025-05-22 11:45:05 - 2025-05-22 11:54:48,51.633,Swimming,0.300,582.956,,,0.000,1.000,0.000,0.000,0.000,123.031,123.031,6.057,105.000,38.000,24.869
2025-05-22 11:57:19 - 2025-05-22 12:07:00,53.107,Swimming,0.300,580.934,,,0.000,0.000,1.000,0.000,0.000,135.279,135.279,6.173,108.000,38.000,24.829
2025-05-22 12:12:57 - 2025-05-22 12:28:32,87.402,Swimming,0.400,935.776,,,0.000,1.000,0.000,0.000,0.000,132.754,132.754,6.270,154.000,38.000,24.781
2025-05-25 16:18:17 - 2025-05-25 16:34:45,89.652,Swimming,0.500,987.881,,,0.000,1.000,0.000,0.000,0.000,128.030,133.012,6.155,179.000,41.000,23.274
2025-05-25 16:36:45 - 2025-05-25 16:53:29,93.755,Swimming,0.500,1004.110,,,0.000,0.500,0.500,0.000,0.000,133.359,136.135,6.278,188.000,,
2025-05-29 14:39:12 - 2025-05-29 15:12:33,178.130,Swimming,1.000,2000.778,,,0.000,0.333,0.667,0.000,0.000,133.782,139.969,6.046,358.000,58.000,21.987
2025-05-30 12:14:23 - 2025-05-30 12:47:08,182.735,Swimming,1.000,1964.337,,,0.000,0.667,0.333,0.000,0.000,132.736,142.402,6.241,371.000,66.000,21.783
2025-06-02 13:24:53 - 2025-06-02 13:58:10,175.211,Swimming,1.000,1996.740,,,0.000,0.667,0.333,0.000,0.000,131.634,140.638,5.965,352.000,,
2025-06-03 18:52:38 - 2025-06-03 19:25:37,180.704,Swimming,1.000,1978.482,,,0.000,1.000,0.000,0.000,0.000,126.652,132.274,6.159,360.000,52.000,21.808
2025-06-06 10:40:21 - 2025-06-06 11:13:00,167.421,Swimming,1.000,1959.385,,,0.000,0.667,0.333,0.000,0.000,129.490,136.592,5.845,338.000,63.000,24.302
2025-06-08 13:21:19 - 2025-06-08 13:52:37,185.097,Swimming,1.000,1877.586,,,0.000,0.333,0.667,0.000,0.000,134.238,143.504,6.540,372.000,74.000,23.040
2025-06-11 11:05:01 - 2025-06-11 11:37:24,189.899,Swimming,1.000,1943.209,,,0.000,0.667,0.333,0.000,0.000,130.002,139.645,6.507,389.000,,
2025-06-13 12:49:53 - 2025-06-13 13:22:02,192.836,Swimming,1.000,1929.075,,,0.000,0.667,0.333,0.000,0.000,133.127,141.864,6.631,392.000,87.000,21.903
2025-06-15 08:38:20 - 2025-06-15 09:12:56,187.368,Swimming,1.000,2075.563,,,0.000,0.667,0.333,0.000,0.000,132.566,141.542,6.102,381.000,88.000,22.745
2025-06-16 12:30:28 - 2025-06-16 13:02:47,178.254,Swimming,1.000,1938.961,,,0.000,0.333,0.667,0.000,0.000,136.017,145.102,6.202,365.000,40.000,28.544
2025-06-17 11:33:45 - 2025-06-17 12:06:09,177.649,Swimming,1.000,1943.585,,,0.000,0.333,0.667,0.000,0.000,135.102,141.788,6.162,362.000,50.000,27.305
2025-06-20 15:21:23 - 2025-06-20 15:53:33,187.445,Swimming,1.000,1930.429,,,0.000,0.667,0.333,0.000,0.000,133.017,141.462,6.472,379.000,69.000,26.068
2025-07-03 12:10:52 - 2025-07-03 12:42:52,181.517,Swimming,1.000,1920.604,,,0.000,0.333,0.667,0.000,0.000,136.315,146.929,6.338,367.000,,
2025-07-06 13:04:50 - 2025-07-06 13:36:39,176.610,Swimming,1.000,1908.916,,,0.000,0.333,0.667,0.000,0.000,143.025,152.452,6.225,362.000,64.000,33.305
2025-07-09 12:12:17 - 2025-07-09 12:44:09,181.559,Swimming,1.000,1911.906,,,0.000,0.333,0.667,0.000,0.000,132.964,141.651,6.359,372.000,69.000,30.503
2025-07-11 12:19:30 - 2025-07-11 12:51:11,182.918,Swimming,1.000,1901.339,,,0.000,0.500,0.500,0.000,0.000,131.468,139.391,6.427,377.000,,
2025-07-13 13:06:01 - 2025-07-13 13:37:51,178.799,Swimming,1.000,1909.166,,,0.000,0.333,0.667,0.000,0.000,136.372,144.950,6.279,367.000,,
2025-07-16 12:35:30 - 2025-07-16 13:08:11,184.833,Swimming,1.000,1961.703,,,0.000,1.000,0.000,0.000,0.000,125.383,132.332,6.321,375.000,75.000,28.460
2025-07-20 12:55:20 - 2025-07-20 13:27:36,188.793,Swimming,1.000,1936.409,,,0.000,0.333,0.667,0.000,0.000,139.346,149.338,6.477,384.000,85.000,28.849
2025-07-25 12:06:20 - 2025-07-25 12:37:48,184.719,Swimming,1.000,1888.738,,,0.000,0.500,0.500,0.000,0.000,138.567,144.453,6.514,371.000,76.000,29.288
2025-07-27 13:15:59 - 2025-07-27 13:47:49,187.650,Swimming,1.000,1910.397,,,0.000,0.000,1.000,0.000,0.000,144.012,150.929,6.521,381.000,,
2025-07-31 12:19:03 - 2025-07-31 12:51:24,184.783,Swimming,1.000,1941.615,,,0.000,0.500,0.500,0.000,0.000,129.920,135.850,6.373,372.000,73.000,29.809
2025-08-04 12:51:00 - 2025-08-04 13:23:17,183.319,Swimming,1.000,1937.085,,,0.000,0.000,1.000,0.000,0.000,143.946,148.949,6.333,369.000,68.000,31.062
2025-08-06 12:30:51 - 2025-08-06 13:03:41,199.242,Swimming,1.000,1969.859,,,0.000,0.500,0.500,0.000,0.000,138.413,144.889,6.682,404.000,76.000,30.929
2025-08-09 07:15:10 - 2025-08-09 07:47:49,191.506,Swimming,1.000,1958.744,,,0.000,0.333,0.667,0.000,0.000,136.755,143.244,6.495,389.000,77.000,27.350
2025-08-11 12:25:48 - 2025-08-11 12:58:03,191.142,Swimming,1.000,1934.824,,,0.000,0.333,0.667,0.000,0.000,137.699,145.530,6.562,387.000,73.000,27.681
2025-08-15 12:55:34 - 2025-08-15 13:27:10,181.441,Swimming,1.000,1896.584,,,0.000,0.333,0.667,0.000,0.000,139.455,150.088,6.385,369.000,85.000,29.037
2025-08-17 21:56:13 - 2025-08-17 22:28:40,179.149,Swimming,1.000,1946.595,,,0.000,0.667,0.333,0.000,0.000,130.437,137.778,6.209,366.000,89.000,27.918
2025-08-21 12:37:02 - 2025-08-21 13:08:49,175.666,Swimming,1.000,1906.987,,,0.000,0.500,0.500,0.000,0.000,132.154,138.754,6.209,363.000,78.000,31.200
2025-08-24 21:37:43 - 2025-08-24 22:09:38,179.833,Swimming,1.000,1914.863,,,0.000,0.333,0.667,0.000,0.000,137.000,146.770,6.301,369.000,84.000,28.684
2025-08-27 11:01:27 - 2025-08-27 11:32:32,176.598,Swimming,1.000,1864.273,,,0.000,0.667,0.333,0.000,0.000,132.628,140.647,6.346,364.000,68.000,28.699
2025-08-31 16:13:48 - 2025-08-31 16:45:40,181.760,Swimming,1.000,1911.936,,,0.000,0.333,0.667,0.000,0.000,136.478,147.342,6.364,372.000,,
2025-09-01 12:21:31 - 2025-09-01 12:52:51,178.914,Swimming,1.000,1879.825,,,0.000,0.500,0.500,0.000,0.000,134.553,141.829,6.366,368.000,66.000,27.657
2025-09-03 12:20:23 - 2025-09-03 12:51:29,171.512,Swimming,1.000,1865.535,,,0.022,0.348,0.630,0.000,0.000,135.287,151.000,6.185,346.000,,
2025-09-05 11:51:19 - 2025-09-05 12:22:05,163.603,Swimming,1.000,1845.312,,,0.046,0.466,0.488,0.000,0.000,133.276,146.000,6.015,331.000,,
2025-09-08 12:19:14 - 2025-09-08 12:50:37,169.708,Swimming,1.000,1883.658,,,0.090,0.380,0.530,0.000,0.000,133.333,146.000,6.096,347.000,72.000,26.335
2025-09-10 15:13:12 - 2025-09-10 15:45:01,175.011,Swimming,1.000,1908.512,,,0.076,0.892,0.032,0.000,0.000,126.626,140.000,6.177,355.000,64.000,28.017
2025-09-12 14:22:38 - 2025-09-12 14:53:49,178.594,Swimming,1.000,1871.727,,,0.024,0.227,0.749,0.000,0.000,139.027,154.000,6.373,365.000,95.000,22.360
2025-09-17 11:46:33 - 2025-09-17 12:18:08,174.508,Swimming,1.000,1894.934,,,0.024,0.141,0.829,0.006,0.000,141.153,157.000,6.203,350.000,72.000,20.810
2025-09-21 16:29:19 - 2025-09-21 17:00:48,168.321,Swimming,1.000,1888.813,,,0.037,0.349,0.614,0.000,0.000,135.704,150.000,6.044,340.000,60.000,23.676
2025-09-25 12:21:25 - 2025-09-25 12:53:10,166.448,Swimming,1.000,1905.125,,,0.058,0.505,0.437,0.000,0.000,132.408,148.000,5.957,331.000,58.000,25.698
2025-09-28 11:51:36 - 2025-09-28 12:22:29,164.686,Swimming,1.000,1852.979,,,0.058,0.440,0.502,0.000,0.000,133.533,148.000,6.022,329.000,80.000,21.934
2025-10-03 19:22:18 - 2025-10-03 19:41:13,102.477,Swimming,0.500,1132.353,,,0.265,0.735,0.000,0.000,0.000,120.063,133.000,6.101,200.000,86.000,23.745
2025-10-08 20:11:22 - 2025-10-08 20:42:00,163.968,Swimming,1.000,1838.380,,,0.098,0.484,0.418,0.000,0.000,131.503,150.000,6.038,331.000,76.000,21.752
2025-10-10 12:18:48 - 2025-10-10 12:48:59,164.830,Swimming,1.000,1811.362,,,0.024,0.219,0.751,0.006,0.000,138.704,157.000,6.147,337.000,85.000,22.205
2025-10-15 12:32:27 - 2025-10-15 13:03:28,155.778,Swimming,1.000,1861.070,,,0.089,0.468,0.443,0.000,0.000,131.624,152.000,5.751,331.000,85.000,19.437
2025-10-17 12:09:22 - 2025-10-17 12:39:31,152.630,Swimming,1.000,1808.798,,,0.056,0.248,0.690,0.006,0.000,137.630,157.000,5.798,323.000,71.000,19.885
2025-10-19 16:06:03 - 2025-10-19 16:35:47,152.421,Swimming,1.000,1783.741,,,0.071,0.222,0.698,0.009,0.000,138.330,157.000,5.851,330.000,67.000,12.915
2025-10-21 12:16:21 - 2025-10-21 12:46:23,157.952,Swimming,1.000,1802.505,,,0.012,0.307,0.681,0.000,0.000,138.304,154.000,5.968,340.000,53.000,12.377
2025-10-24 12:11:11 - 2025-10-24 12:41:24,166.258,Swimming,1.000,1812.555,,,0.084,0.253,0.663,0.000,0.000,136.056,154.000,6.185,352.000,47.000,14.674
2025-10-26 16:13:44 - 2025-10-26 16:43:36,162.480,Swimming,1.000,1792.399,,,0.024,0.258,0.700,0.018,0.000,139.872,158.000,6.114,338.000,66.000,15.707
2025-10-29 12:17:13 - 2025-10-29 12:47:08,154.907,Swimming,1.000,1795.456,,,0.040,0.301,0.659,0.000,0.000,137.408,154.000,5.895,332.000,,
2025-10-31 12:29:55 - 2025-10-31 12:59:40,158.305,Swimming,1.000,1784.542,,,0.042,0.232,0.726,0.000,0.000,139.669,154.000,6.014,337.000,78.000,15.780
2025-11-03 17:07:22 - 2025-11-03 17:37:30,158.533,Swimming,1.000,1807.897,,,0.077,0.716,0.207,0.000,0.000,128.435,143.000,5.957,333.000,61.000,11.795
2025-11-05 15:37:13 - 2025-11-05 16:07:03,151.504,Swimming,1.000,1789.979,,,0.058,0.187,0.755,0.000,0.000,138.591,154.000,5.810,325.000,67.000,16.550
2025-11-07 09:49:01 - 2025-11-07 10:19:04,156.561,Swimming,1.000,1802.376,,,0.033,0.374,0.593,0.000,0.000,135.310,153.000,5.926,330.000,74.000,16.958
2025-11-10 11:18:31 - 2025-11-10 11:48:22,157.169,Swimming,1.000,1791.022,,,0.054,0.186,0.754,0.006,0.000,138.445,157.000,5.977,337.000,50.000,13.418
2025-11-14 12:07:46 - 2025-11-14 12:37:53,152.009,Swimming,1.000,1807.357,,,0.078,0.377,0.545,0.000,0.000,133.562,154.000,5.785,324.000,43.000,16.461
2025-11-17 12:24:11 - 2025-11-17 12:54:10,163.802,Swimming,1.000,1798.782,,,0.031,0.277,0.692,0.000,0.000,138.609,155.000,6.148,344.000,,
2025-11-21 16:10:43 - 2025-11-21 16:40:54,162.713,Swimming,1.000,1810.598,,,0.051,0.175,0.763,0.011,0.000,140.825,156.000,6.087,345.000,33.000,13.298
2025-11-24 12:44:48 - 2025-11-24 13:15:03,169.252,Swimming,1.000,1815.149,,,0.033,0.127,0.434,0.406,0.000,149.865,167.000,6.254,355.000,37.000,15.976
2025-11-26 12:34:31 - 2025-11-26 13:05:45,169.535,Swimming,1.000,1873.988,,,0.080,0.625,0.295,0.000,0.000,130.202,140.000,6.116,361.000,47.000,12.768
2025-11-28 10:25:20 - 2025-11-28 10:55:45,172.674,Swimming,1.000,1824.689,,,0.085,0.237,0.678,0.000,0.000,135.693,153.000,6.324,357.000,48.000,11.113
2025-12-03 12:22:19 - 2025-12-03 12:53:16,168.377,Swimming,1.000,1857.472,,,0.043,0.107,0.850,0.000,0.000,141.764,155.000,6.114,358.000,33.000,2.732
2025-12-05 12:26:04 - 2025-12-05 12:57:31,171.097,Swimming,1.000,1886.866,,,0.040,0.159,0.735,0.066,0.000,143.730,158.000,6.119,364.000,46.000,7.068
2025-12-08 12:11:50 - 2025-12-08 12:42:35,168.212,Swimming,1.000,1845.260,,,0.028,0.229,0.721,0.022,0.000,141.008,160.000,6.158,362.000,40.000,7.759
2025-12-11 16:08:35 - 2025-12-11 16:40:05,165.349,Swimming,1.000,1889.741,,,0.055,0.391,0.554,0.000,0.000,133.937,151.000,5.952,348.000,48.000,3.443
2025-12-15 12:24:42 - 2025-12-15 12:55:15,171.640,Swimming,1.000,1832.970,,,0.077,0.260,0.658,0.005,0.000,137.260,156.000,6.278,364.000,61.000,8.178
2025-12-17 12:28:30 - 2025-12-17 12:58:53,165.321,Swimming,1.000,1823.470,,,0.080,0.201,0.694,0.025,0.000,139.383,157.000,6.130,351.000,52.000,5.631
2025-12-22 12:15:13 - 2025-12-22 12:46:04,168.125,Swimming,1.000,1850.796,,,0.017,0.259,0.698,0.026,0.000,140.516,158.000,6.113,355.000,57.000,7.606
2025-12-24 15:30:59 - 2025-12-24 16:01:18,157.771,Swimming,1.000,1819.284,,,0.028,0.314,0.658,0.000,0.000,136.421,149.000,5.905,327.000,40.000,5.955
2025-12-28 16:09:19 - 2025-12-28 16:38:47,162.748,Swimming,1.000,1768.527,,,0.040,0.167,0.761,0.032,0.000,141.799,158.000,6.166,335.000,64.000,8.490
2025-12-30 14:10:11 - 2025-12-30 14:40:07,172.110,Swimming,1.000,1796.539,,,0.059,0.180,0.710,0.051,0.000,141.834,160.000,6.398,347.000,,